:020000040800F2
:10000000E80600201D530008ED010008EF0100087C
:10001000F3010008F7010008FB01000800000000E0
:10002000000000000000000000000000FF010008C8
:100030000102000800000000030200080502000899
:100040003753000837530008375300083753000868
:100050003753000837530008375300083753000858
:100060003753000837530008375300083753000848
:100070003753000837530008375300083753000838
:100080003753000837530008375300083753000828
:100090003753000837530008375300084F40000813
:1000A0003753000837530008375300083753000808
:1000B000DF45000837530008F545000837530008AE
:1000C00037530008375300083753000837530008E8
:1000D000375300086507000893520008154B0008C5
:1000E000375300083753000837530008DFF80CD0A7
:1000F00007F020FE0048004701010008E806002044
:100100008EB04FF0000A00F06FF900F0D7F94FF40D
:10011000165000F0E9FA4FF4E13004F06BFC00F007
:1001200072FD02F07DFE04F077FA04F0A5F904F008
:10013000ECF904F099FA41F61F41002004F034FB79
:1001400045E000F068FABAF5967F39DB4FF0000A17
:100150001F4909681F4A1268881807F090FB1E495A
:10016000099007F094F9834607F0D5FB04460D4645
:1001700004F0CDFC0C901948006807F0CCFB064653
:100180000F461748006807F0C6FB804689461548A9
:10019000006807F0C0FBCDE90845CDE90A010D482C
:1001A00001680B4802680C98CDE90089CDE9026727
:1001B000CDE9052104900C48DDE90A2308F04AF84E
:1001C000052000F04EF90AF105001FFA80FAB8E7A1
:1001D000180000201C000020EC51184008000020EE
:1001E0000400002000000020A0A00008704700BF0D
:1001F000FEE700BFFEE700BFFEE700BFFEE7704777
:1002000070477047704700000CB5002001900090C7
:100210006C48006840F480306A49086000BF694853
:10022000006800F4003000900198401C0190009894
:1002300018B90198B0F5A06FF1D16248006800F4D8
:10024000003010B10120009001E0002000900098E3
:10025000012843D15C48006840F010005A4908600A
:100260000846006820F0030008600846006840F077
:100270000200086053484068524948600846406898
:1002800048600846406840F480604860084640681E
:1002900020F47C1048600846406840F4E81048604C
:1002A0000846006840F08070086000BF454800685C
:1002B00000F000700028F9D04248406820F00300A8
:1002C000404948600846406840F00200486000BF6E
:1002D0003C48406800F00C000828F9D10CBD10B56E
:1002E000FFF792FF10BD10B53648006840F00100DE
:1002F000344908600846406834490840314948603C
:1003000008460068324908402E49086008460068DF
:1003100020F4802008600846406820F4FE00486011
:100320004FF41F008860FFF7DAFF4FF000602949A3
:10033000086010BD10B5002100200022214B5B6831
:1003400003F00C0121B1042906D0082928D107E0C7
:10035000214B224C236027E01F4B204C236023E0DD
:10036000184B5B6803F47010164B5B6803F4803223
:10037000022303EB904022B9194B4343174C2360EF
:100380000DE0104B5B6803F4003323B1144B43437F
:10039000124C236003E0104B4343104C236003E0F6
:1003A0000D4B0E4C236000BF00BF064B5B68C3F3D0
:1003B00003130C4CE15C094B1B68CB40074C2360DA
:1003C00010BD000000100240002002400000FFF8B5
:1003D000FFFFF6FE08ED00E000127A00300000207A
:1003E00000093D003400002010B56FF0040004F057
:1003F000F6FF2E4800682E49B0FBF1F02D49087039
:100400000846007800EB4001C1EBC0104FF6FF71C9
:1004100001EAC0002849088010BD0146254A12782B
:100420004A434FF0E0235A6100229A611A4612694A
:1004300042F001021A6100BF4FF0E022106900F0A3
:1004400001021AB100F48032002AF5D04FF0E02208
:10045000126922F001024FF0E0231A6100229A6132
:1004600070470146144A12884A434FF0E0235A610C
:1004700000229A611A46126942F001021A6100BF15
:100480004FF0E022106900F001021AB100F480324E
:10049000002AF5D04FF0E022126922F001024FF05D
:1004A000E0231A6100229A617047000030000020AA
:1004B00000127A00440000204600002008B54FF4E6
:1004C000A06004F03DFF17208DF8000001208DF89A
:1004D000030000208DF801008DF80200684604F04A
:1004E00034FF25208DF8000001208DF80300022044
:1004F0008DF801008DF80200684604F026FF2720E1
:100500008DF8000001208DF8030002208DF8010015
:100510008DF80200684604F018FF26208DF80000D0
:1005200001208DF8030002208DF8010001208DF8D4
:100530000200684604F009FF08BD000000BF7047D4
:1005400000BFA74A128802F04002002AF9D0C2B2C6
:10055000A34B1B1D1A8070472DE9F04FA3B01DA8B7
:100560001EA91FAB20AACDE9001021A922A803F0E3
:100570003FFF1AAA1BA91CA804F07EFE1A9807F0D8
:10058000CAF904460D461B9807F0C5F906460F4602
:100590001C9807F0C0F9804689461D9807F0BBF902
:1005A00082468B461E9807F0B6F9CDE918011F98D0
:1005B00007F0B1F9CDE91601209807F0ACF9CDE9C3
:1005C0001401219807F0A7F9CDE91201229807F04C
:1005D000A2F9CDE908ABCDE90A89CDE90C67CDE9EF
:1005E0000E45CDE91001DDE91801CDE90601DDE98F
:1005F0001601CDE90401DDE91401CDE90201DDE9CF
:100600001201CDE900017748DDE9102307F022FE51
:1006100023B0BDE8F08FF0B59BB07348007800F0D0
:10062000800008B91BB0F0BD6F48007800F03F05AE
:10063000402D00D33F25002405E06C48005D0BA948
:100640000855601CC4B2AC42F7DB00200BA948552A
:10065000654908704021654806F04AFC64A10BA872
:1006600006F058FC20B164A10BA806F053FC10B9A9
:10067000FFF772FFD6E762A10BA806F04BFC18B992
:1006800061A007F0E7FDCDE702A803AB07AA6EA1C2
:1006900000900BA806F05AFC032820D16EA107A8F1
:1006A00006F038FCD8B903A8029903F066FE20B919
:1006B00003A8029904F0C0FD60B1029807F02BF97D
:1006C000064632460B4603A964A007F0C3FDFFF7B8
:1006D00043FF03E003A965A007F0BCFDA2E76AA001
:1006E00007F0B8FD00BF9DE710B586B004460121B4
:1006F00044F2050005F03CFA4FF40070ADF8140028
:1007000003208DF8160018208DF8170005A96748FA
:1007100004F072FF4FF48060ADF8140004208DF8EF
:10072000170005A9614804F067FF01940020ADF8A7
:100730000800ADF80A00ADF80C00ADF810000C2070
:10074000ADF80E0001A9264806F0C7F9012240F2D3
:100750002551234806F059FA0121214806F049FAAB
:1007600006B010BD10B540F225511D4806F032FB11
:1007700010B31B4806F0AEFAC4B21B48007800F074
:100780008000C8B91848007800F0400060B10A2C19
:1007900003D000201449087020E01348007840F08E
:1007A00080001149087019E00D2C06D10E48007820
:1007B00040F040000C49087010E00B48007800F051
:1007C0003F000A490C5408480078401C064908704C
:1007D000084600783F2801DD0020087010BD0000A9
:1007E0000038014000A100084C0000202C0100202E
:1007F00047455420504944005049443F0000000000
:1008000048454C5000000000434D443A20534554A5
:1008100020564B502F564B442F534B502F534B4980
:100820002F524B502F524B442F544B502F544B4967
:100830002F544B442076616C207C20474554205037
:1008400049440D0A0000000025313573202531355B
:100850007320256600000000534554004F4B2025AF
:10086000733D252E36660D0A0000000045525220C9
:10087000556E6B6E6F776E20504944206E616D65CA
:100880003A2025730D0A000045525220496E7661C8
:100890006C696420636F6D6D616E642E2054797095
:1008A000652048454C500D0A00000000000801403A
:1008B00010B50220FFF7B1FD10BD08B501210820D9
:1008C00005F056F91820ADF8000010208DF803004F
:1008D00003208DF802006946834804F08DFE08BDB0
:1008E00010B58148006820F470407F4908600846D0
:1008F000006840F44050086001207C4908607C4951
:10090000C1F89001FFF7D4FF002078490860FFF795
:10091000CFFF00207649C1F8900110BD10B5724894
:10092000006820F47040704908600846006840F490
:100930004050086000206D49091D08606C49C1F8ED
:100940008C01FFF7B5FF01206849091D086068495F
:10095000C1F88C01FFF7ACFF10BD10B50024624850
:10096000006820F47040604908600846006840F460
:100970000040086001205D490860FFF799FF0120F1
:100980005B49C1F89001FFF793FF07E0601CC4B218
:10099000FA2C03DDFFF7C2FF012010BD5348803859
:1009A00000680028F2D15149091D086000BFF4E732
:1009B00010B500204D49091D08604B48006820F41F
:1009C0007040494908600846006840F4405008609B
:1009D00000204749C1F88C01FFF76AFF0120434915
:1009E000091D0860FFF764FF00204149C1F890012C
:1009F00010BD10B500203D49091D08603A48006847
:100A000020F47040384908600846006840F44050BF
:100A1000086001203649C1F88C01FFF749FF012029
:100A20003249091D0860FFF743FF00203049C1F833
:100A3000900110BD70B504462B48006820F470404A
:100A4000294908600846006840F4405008600020CA
:100A50002649091D0860002512E0E00923490860C5
:100A60006006040E01202249C1F89001FFF720FF23
:100A700000201E49091D0860FFF71AFF681CC5B257
:100A8000082DEADB70BD70B50546002416480068E5
:100A900020F47040144908600846006840F40040A3
:100AA0000860002615E000201049091D0860FFF7C6
:100AB000FFFE01200E49C1F890016006040E0B48AC
:100AC0008038006808B1601CC4B2FFF7F1FE701CEA
:100AD000C6B2082EE7DB15B9FFF78BFF01E0FFF781
:100AE00067FF204670BD0000000C01408C81214250
:100AF0000080214270B505460C46FFF7F1FED0207C
:100B0000FFF798FFFFF729FF18B1FFF707FF012054
:100B100070BD2846FFF78EFFFFF71FFF2046FFF747
:100B200089FFFFF71AFF18B1FFF7F8FE0120EFE782
:100B3000FFF7F4FE0020EBE770B504460025BC2C5F
:100B400001DB012510E0622C01DB02250CE02A2CE0
:100B500001DB032508E0142C01DB042504E00A2C4A
:100B600001DB052500E0062529461A20FFF7C2FF14
:100B700070BD70B50446B4F57A7F01DD4FF47A7428
:100B8000042C00DA04244FF47A7090FBF4F0401E39
:100B9000C5B229461920FFF7ADFF0546264604EBEE
:100BA000D671C1F34F00FFF7C7FF70BD70B50446A3
:100BB000FFF796FED020FFF73DFFFFF7CEFE204661
:100BC000FFF738FFFFF7C9FEFFF78AFED120FFF7D6
:100BD00031FFFFF7C2FE0020FFF755FF0546FFF784
:100BE0009DFE284670BD10B50446E006010E1C208F
:100BF000FFF780FF10BD10B50446E006010E1B2074
:100C0000FFF778FF10BD10B5FFF757FE80216B206E
:100C1000FFF770FF6420FFF724FC00216B20FFF733
:100C200069FF0320FFF7E7FF0020FFF7DCFFC82084
:100C3000FFF79FFF00213820FFF75CFF00216A20AB
:100C4000FFF758FF00212320FFF754FF80213720B2
:100C5000FFF750FF7520FFF7A9FF0446682C0BD162
:100C600001216B20FFF746FF00216C20FFF742FFB8
:100C70006420FFF77EFF01E0012010BD0020FCE7AB
:100C80002DE9F04106460F4614461D46FFF728FEA3
:100C9000002141EA4601C8B2FFF7CCFEFFF75DFE36
:100CA00020B1FFF73BFE0120BDE8F0813846FFF799
:100CB000C1FEFFF752FEFFF713FE012101EB4601D3
:100CC000C8B2FFF7B7FEFFF748FE0DE0012C04D1D4
:100CD0000020FFF7D8FE287003E00120FFF7D3FEC5
:100CE0002870601EC4B26D1C002CEFD1FFF716FEF9
:100CF0000020D9E72DE9F84F6B46022241216820F8
:100D0000FFF7BEFF9DF801009DF8001040EA0120AA
:100D10000FFA80FA504606F0C0FD804600224B4B89
:100D200006F03EFD06464A4A4A4B06F020FC0446C1
:100D300006F004FE83464849584606F0A8FB0446E0
:100D400006F0BCFD00B2BDE8F88F2DE9FC41044679
:100D50000D4616466B46062243216820FFF790FF9A
:100D60000746BFB99DF801009DF8001040EA012038
:100D700000B220809DF803009DF8021040EA012097
:100D800000B228809DF805009DF8041040EA01207B
:100D900000B230803846BDE8FC812DE9FC410446B4
:100DA0000D4616466B4606223B216820FFF768FF7A
:100DB0000746BFB99DF801009DF8001040EA0120E8
:100DC00000B220809DF803009DF8021040EA012047
:100DD00000B228809DF805009DF8041040EA01202B
:100DE00000B230803846BDE8FC812DE9F04105466F
:100DF0000E4617469846FFF773FD002141EA45016C
:100E0000C8B2FFF717FEFFF7A8FD20B1FFF786FD78
:100E10000120BDE8F0813046FFF70CFEFFF79DFD95
:100E200000240CE018F80400FFF704FEFFF795FD1E
:100E300018B1FFF773FD0120EBE7601CC4B2BC42A0
:100E4000F0DBFFF76BFD0020E3E70000004075409A
:100E5000A4703D0AD74342400000C84238B504465A
:100E6000F74890F82400C0B114B10220009001E0CE
:100E700000200090F24A1268D17BF14A5268107843
:100E80006B460122FFF7B1FF10B14FF0FF3038BDC4
:100E90009DF80010EA48417423E0E948807A10B9CF
:100EA0004FF0FF30F3E724B1E548407C08B1002063
:100EB000EDE714B10120009001E000200090E04A2D
:100EC0001268D17BDE4A526810786B460122FFF728
:100ED0008CFF10B14FF0FF30D9E79DF80010D848D3
:100EE00041740020D3E738B500241FE0D4480068DF
:100EF000C07AA04204D0D2480068407DA04200D110
:100F000012E0CF49496808786B4601222146FFF775
:100F1000B7FE10B14FF0FF3038BD9DF800202146DC
:100F2000C8A007F097F900BF601CC4B2C44840686D
:100F30000079A042DADC0020EEE770B504460D46E9
:100F4000BF480068C07AA04204D0BD480068407D18
:100F5000A04202D14FF0FF3070BDB948406800791F
:100F6000A04202DC4FF0FF30F6E7B5494968087847
:100F70002B4601222146FFF783FEEDE738B50446F4
:100F8000AF4890F82300A04201D1002038BD14B131
:100F90003020009001E000200090A948807C20B122
:100FA0009DF8000040F002000090A54890F8220053
:100FB00020B19DF8000040F080000090A04A126827
:100FC000117D9F4A526810786B460122FFF70DFF92
:100FD00010B14FF0FF30D9E7994880F82340002046
:100FE000D4E738B5044604F0700010B10120009039
:100FF00005E014B10020009001E040200090904AEC
:101000001268917C8E4A526810786B460122FFF775
:10101000ECFE20B100218A488172481E38BD9DF83F
:10102000000020F04001864801730020009004F089
:10103000400020B99DF8000040F00400009004F04A
:10104000200020B99DF8000040F00200009004F05C
:10105000100020B99DF8000040F00100009004F05D
:10106000080020B99DF8000040F038000090744A54
:101070001268D17C724A526810786B460122FFF7E1
:10108000B4FE20B100216E488172481EC6E724B12B
:10109000082C02D00020FFF771FF694884720021FC
:1010A00001753220FFF7DDF90020B7E738B50446B7
:1010B0006348807CA04201D1002038BD002C46D07E
:1010C0005F4A126811795E4A526810786B460122B5
:1010D000FFF7D6FD10B14FF0FF30EEE79DF80000AE
:1010E00020F020000090564A12681179544A526844
:1010F00010786B460122FFF778FE10B14FF0FF30F9
:10110000DBE70320FFF7ADF9022000904C4890F890
:10111000220020B19DF8000040F080000090484877
:1011200090F8230020B19DF8000040F030000090BE
:10113000434A1268117D424A526810786B46012278
:10114000FFF753FE002851D04FF0FF30B5E73C4A7F
:10115000126811793A4A526810786B460122FFF7FB
:101160008FFD10B14FF0FF30A7E73548807A00F0CF
:10117000010028B19DF8000040F02000009004E03C
:101180009DF8000020F0200000902D4A126811798F
:101190002B4A526810786B460122FFF726FE10B1E9
:1011A0004FF0FF3089E70320FFF75BF9244890F800
:1011B000220010B18020009001E000200090204823
:1011C00090F8230020B19DF8000040F0300000901E
:1011D0001B4A1268117D1A4A526810786B46012228
:1011E000FFF703FE10B14FF0FF3066E71448847438
:1011F000002062E708B51248807A10B94FF0FF303E
:1012000008BD002000900E4A1268D17B0C4A52683B
:1012100010786B460122FFF7E8FD10B14FF0FF3068
:10122000EEE7074A12685179054A526810786B4612
:101230000122FFF7DAFD68B14FF0FF30E0E7000070
:1012400050000020252335783A20252335780D0AD3
:1012500000000000F84A12681179F74A52681078C5
:101260006B460122FFF7C1FD10B14FF0FF30C7E719
:10127000F14890F82400002853D00C200090EE4A4A
:1012800012681179EC4A526810786B460122FFF718
:10129000ACFD10B14FF0FF30B2E73220FFF7E1F8BC
:1012A000C0200090E448807A00F0010020B19DF851
:1012B000000040F020000090DF4A12681179DE4AF9
:1012C000526810786B460122FFF78FFD10B14FF086
:1012D000FF3095E7D848407C10B10220009001E033
:1012E00000200090D44A1268D17BD34A526810780B
:1012F0006B460122FFF779FD10B14FF0FF307FE719
:1013000000200090CC4A12685179CB4A526810787C
:101310006B460122FFF769FD002855D04FF0FF30E2
:101320006EE704200090C44A12681179C24A5268DC
:1013300010786B460122FFF758FD10B14FF0FF30D7
:101340005EE7BD48807C20B9BB48807A00F0010090
:1013500010B94020009001E060200090B64A126869
:101360001179B54A526810786B460122FFF73DFDAE
:1013700010B14FF0FF3043E73220FFF772F8AE486C
:10138000407C10B10120009001E000200090AA4AAA
:101390001268D17BA84A526810786B460122FFF789
:1013A00024FD10B14FF0FF302AE7A34A12685179AB
:1013B000A14A52681078A04B10330122FFF715FDA7
:1013C00010B14FF0FF301BE7002019E770B504465D
:1013D000002624F00104984890F8240008B1002069
:1013E00070BD9548807A10B94FF0FF30F8E7924809
:1013F000057C807A2040904908740846007CA04211
:1014000002D04FF0FF3600E0002614B98A48007D74
:1014100018B10120FFF722FD02E00020FFF71EFDBA
:101420003CB1FFF7E7FE20B1834805744FF0FF3071
:10143000D6E73046D4E738B504467F48807A10B9FD
:101440004FF0FF3038BDBC2C02DB0120009015E0CE
:10145000622C02DB0220009010E02A2C02DB032029
:1014600000900BE0142C02DB0420009006E00A2C14
:1014700002DB0520009001E0062000906E48C07A53
:101480009DF80010884201D10020DBE76A4A12680B
:101490009178694A526810786B460122FFF7A5FCE3
:1014A00010B14FF0FF30CDE79DF800106248C172D7
:1014B0000020C7E738B50446282C02DD4FF0FF3086
:1014C00038BDDCB90020FFF759FD00208DF8000081
:1014D00007208DF80100584A1268917C564A5268DC
:1014E00010786B460222FFF780FC10B14FF0FF30FE
:1014F000E6E70021504801750020E1E70120FFF7F1
:101500003DFD20208DF80000012C06D100208DF833
:1015100001000520FFF78FFF17E0052C06DC0120F6
:101520008DF801000520FFF786FF0EE0142C06DC85
:1015300002208DF801000A20FFF77DFF05E003205F
:101540008DF801001420FFF776FF9DF801000721B8
:1015500001EB8010C0B28DF80100374A1268917C0F
:10156000354A526810786B460222FFF73EFC10B1F4
:101570004FF0FF30A4E708212F488172002101734A
:10158000012101750020FFF721FF002098E738B501
:1015900004462948807A10B94FF0FF3038BD2648FC
:1015A00090F8240010B14FF0FF30F7E72248007D9B
:1015B00050B134B1282C04DCE0B2FFF77BFF0020EF
:1015C000ECE70020FFF776FF042C01DA042404E0A6
:1015D000B4F57A7F01DD4FF47A744FF47A7090FBA2
:1015E000F4F0401EC0B20090134A12685178124ABB
:1015F000526810786B460122FFF7F7FB10B14FF0ED
:10160000FF30CBE79DF80000401C4FF47A7191FB4E
:10161000F0F081B20848C1810146C9894810FFF73E
:101620000AFF0020BAE738B504460348807A28B993
:101630004FF0FF3038BD000050000020022C06D0D3
:10164000042C07D0082C08D0102C0CD108E0002066
:1016500000900BE00820009008E01020009005E0CA
:101660001820009002E04FF0FF30E3E700BFF94898
:10167000407A9DF80010B0EBE10F01D10020D9E7CE
:10168000F44A1268D179F34A526810786B46012205
:10169000FFF7ABFB10B14FF0FF30CBE79DF8000038
:1016A000C110EC4841720020C4E738B50446E9484F
:1016B000807A10B94FF0FF3038BDFA2C09D0B4F55C
:1016C000FA7F09D0B4F57A7F09D0B4F5FA6F0CD15E
:1016D00008E0002000900BE00820009008E01020B7
:1016E000009005E01820009002E04FF0FF30E3E7A3
:1016F00000BFD848007A9DF80010B0EBE10F01D18F
:101700000020D9E7D34A12689179D24A52681078FA
:101710006B460122FFF769FB10B14FF0FF30CBE7BA
:101720009DF80000C010CB4908720020C4E71CB52A
:1017300080208DF80000C74A1268917CC54A526823
:1017400010786B460122FFF750FB10B14FF0FF30CD
:101750001CBD6420FEF785FE00208DF80000BD4A08
:101760001268917CBB4A526810786B460122FFF7E1
:101770003CFB10B14FF0FF30EAE7B64A1268917DAA
:10178000B44A526810786B460622FFF779FA10B116
:101790004FF0FF30DCE79DF80500C007400F9DF8D3
:1017A000031001F0010140EA41009DF8011001F031
:1017B000010140EA010494B1012C03D10121A548A3
:1017C000C17431E0022C03D10021A248C1742BE086
:1017D0002146A1A006F03EFD4FF0FF30B8E79D4A3C
:1017E0001268D1789B4A526810786B460122FFF745
:1017F00047FA10B14FF0FF30AAE79DF8000000F063
:101800000F042CB99E4806F025FD4FF0FF309FE7EE
:10181000042C06D19BA006F01DFD01218D48C1744A
:1018200002E000218B48C174FF218A488172FF20A9
:1018300088490872FF2187484172C1724FF6FF71D3
:10184000C181FF21017481740121017380F822108C
:10185000002180F823104175017516300160416048
:101860008160163880F8241080F82510C1844FF468
:10187000FA60FFF71AFF10B14FF0FF3068E702205F
:10188000FFF7D1FE10B14FF0FF3061E72A20FFF7DC
:10189000D2FD10B14FF0FF305AE73220FFF777FE4C
:1018A00010B14FF0FF3053E70020FFF78FFD10B16C
:1018B0004FF0FF304CE70020FFF7F8FB10B14FF07E
:1018C000FF3045E70020FFF78CFB002040E7704722
:1018D0007CB504460D465F48807A00F0700010B970
:1018E0004FF0FF307CBD5B4A1268117B594A526849
:1018F00010786B460622FFF7C3F910B14FF0FF30A6
:10190000F0E79DF801009DF8001040EA012000B2C8
:1019100020809DF803009DF8021040EA012000B2EB
:1019200060809DF805009DF8041040EA012000B297
:10193000A08015B12846FFF7CAFF0020D2E77CB58A
:1019400004460D464348807A00F0080010B94FF075
:10195000FF307CBD3F4A1268517B3E4A5268107886
:101960006B460622FFF78CF910B14FF0FF30F0E71D
:101970009DF801009DF8001040EA012000B220808F
:101980009DF803009DF8021040EA012000B260803B
:101990009DF805009DF8041040EA012000B2A080E7
:1019A00015B12846FFF793FF0020D2E72DE9FE4F3F
:1019B00005460C462748807A18B94FF0FF30BDE83D
:1019C000FE8F244A1268917B224A5268107802AB3B
:1019D0000222FFF755F910B14FF0FF30EFE79DF805
:1019E00009009DF8081040EA012006B214B1204613
:1019F000FFF76DFF17494968C88805F049FF154989
:101A000001904968B1F9080005F039FF8346304676
:101A100005F035FF5946009005F033FD82460199E7
:101A200005F067FD81461F4905F0D9FC80464FF05F
:101A30008F4105F02CFD074605F040FF286000208F
:101A4000BDE710B588B004461CB94FF0FF3008B0B0
:101A500010BD29E050000020556E737570706F72D4
:101A600074656420736F6674776172652070726F3D
:101A700064756374207265762025642E0A00000068
:101A800098A1000848616C662073656E736974697B
:101A900076697479207061727420666F756E642E39
:101AA0000A00000000000C42206830B9606820B9CC
:101AB000A06810B9002008B010BDFA49496808783C
:101AC00006AB03221146FFF7DBF810B14FF0FF30F1
:101AD000F1E79DF81800082101EB201000F00F003D
:101AE000ADF800009DF8190001EB201000F00F0088
:101AF000ADF802009DF81A0001EB201000F00F0075
:101B0000ADF8040020684100BDF90000403091FBB1
:101B1000F0F000B2ADF8100060684100BDF90200BD
:101B2000403091FBF0F000B2ADF81200A068410027
:101B3000BDF90400403091FBF0F000B2ADF81400A4
:101B4000D8494968087806AB06221146FFF798F88D
:101B500010B14FF0FF30AEE79DF819009DF8181056
:101B600040EA012000B2ADF808009DF81B009DF886
:101B70001A1040EA012000B2ADF80A009DF81D00DD
:101B80009DF81C1040EA012000B2ADF80C00BDF831
:101B90001000BDF80810084400B2ADF81000BDF800
:101BA0001200BDF80A10084400B2ADF81200BDF8EA
:101BB0001400BDF80C10084400B2ADF81400BDF8D4
:101BC0001000000A8DF81800BDF81000C0B28DF8A2
:101BD0001900BDF81200000A8DF81A00BDF81200B5
:101BE000C0B28DF81B00BDF81400000A8DF81C006F
:101BF000BDF81400C0B28DF81D00AA4949680878E4
:101C000006AB06221146FFF7F0F810B14FF0FF3097
:101C100051E700204FE70146A248007A30B1012881
:101C200007D0022809D003280FD10AE0FA20088043
:101C30000EE04FF4FA7008800AE04FF47A700880E2
:101C400006E04FF4FA60088002E00020088000BF40
:101C500000BF0020704701469248407A30B1012809
:101C600007D0022808D003280CD108E00220087011
:101C70000BE00420087008E00820087005E0102040
:101C8000087002E04FF0FF30704700BF8548C07C0D
:101C900018B108784006000E08700020F4E70146ED
:101CA0008048C07A082817D2DFE800F01704070A36
:101CB0000D101318BC20088013E06220088010E08B
:101CC0002A2008800DE0142008800AE00A200880FD
:101CD00007E00520088004E000BF00BF0020088066
:101CE00000BF00BF0020704701466E4890F82400F6
:101CF00010B14FF0FF3070476A48C089088000205B
:101D0000F9E7014600200880401E704701464FF069
:101D1000FF30704701466348007A30B1012807D090
:101D2000022808D003280CD108E05F4808600BE0C7
:101D30005E48086008E05E48086005E05D480860AD
:101D400002E04FF0FF30704700BF0020FBE7014684
:101D50005448407A30B1012808D002280AD003281C
:101D600010D10BE04FF4804008800EE041F69C70EB
:101D700008800AE04FF48050088006E04FF40060CD
:101D8000088002E04FF0FF30704700BF4548C07C3C
:101D900010B10888401008800020F5E7014641484E
:101DA000007C08700020704701463E48807A10B1E0
:101DB0000120087001E0002008700020704738B54D
:101DC00004463848807A10B94FF0FF3038BD354AA4
:101DD0001268117C334A526810786B460222FEF773
:101DE0004FFF10B14FF0FF30F0E79DF801009DF874
:101DF000001040EA012000B220800020E6E72DE933
:101E0000FE4F0746884692461D46DDF830B0002654
:101E10000024244890F8240010B1601EBDE8FE8F15
:101E2000002028701F48807A10B94FF0FF30F5E786
:101E30001C48007C10B94FF0FF30EFE71948007CD8
:101E400000F0400008B1B01CC6B21648007C00F09B
:101E5000200008B1B01CC6B21248007C00F010008F
:101E600008B1B01CC6B20F48007C00F0080008B1F1
:101E7000B01DC6B20B4A1268917A0A4A52681078AD
:101E80006B460222FEF7FCFE10B14FF0FF30C5E7B3
:101E90009DF801009DF8001040EA0129B1450BDAD8
:101EA0000020BBE7500000200000034300008342F5
:101EB0003333034233338341FC4840684088B9EBF5
:101EC000600F17DDF94A1268517CF84A52681078A1
:101ED0006B460122FEF7D4FE10B14FF0FF309DE7B4
:101EE0009DF8000000F0100020B1FFF783F96FF0BB
:101EF000010093E75046FFF7EAFCEC4A1268D17AFA
:101F0000EA4A526810786B463246FEF7B9FE10B1C5
:101F10004FF0FF3082E799FBF6F0401E8BF800008F
:101F200000202870B4422AD0E048007C00F008006D
:101F300028B3601C1DF800001DF8041040EA0120C1
:101F400000B2A8F80000E01C1DF80010A01C1DF84D
:101F5000000041EA002000B2A8F80200601D1DF850
:101F60000010201D1DF8000041EA002000B2A8F872
:101F70000400287840F008002870A01D84B2B44204
:101F800013D0CA48007C00F0400070B1601C1DF8FE
:101F900000001DF8041040EA012000B238802878C3
:101FA00040F040002870A01C84B2B44213D0BF4857
:101FB000007C00F0200070B1601C1DF800001DF8CE
:101FC000041040EA012000B27880287840F0200018
:101FD0002870A01C84B2B44213D0B448007C00F036
:101FE000100070B1601C1DF800001DF8041040EADC
:101FF000012000B2B880287840F010002870A01CA2
:1020000084B200200AE7F8B504460F461646A748F2
:1020100090F8240010B94FF0FF30F8BDA348807A43
:1020200010B94FF0FF30F8E7A04A1268917A9F4A42
:10203000526810786B460222FEF722FE10B14FF074
:10204000FF30EAE79DF801009DF8001040EA012505
:10205000A54203DA00203070401EDEE79348406856
:102060004088B5EB600F17DD904A1268517C8F4AAB
:10207000526810786B460122FEF702FE10B14FF055
:10208000FF30CAE79DF8000000F0100020B1FFF714
:10209000B1F86FF00100C0E7E2B2844B1B68D97A57
:1020A000824B5B6818783B46FEF7EAFD10B14FF0B3
:1020B000FF30B2E795FBF4F0401E30700020ACE733
:1020C00001467A4880F82210002070477CB505460A
:1020D00076494968087801AB04220D21FEF7D0FD4E
:1020E00008B107207CBD9DF80700C0F301109DF8E2
:1020F000041001F0E00140EAE1008DF800009DF8D5
:102100000700C0F381009DF8051001F0E00140EAEE
:10211000E1008DF801009DF8070000F003009DF834
:10212000061001F0E00140EAE1008DF80200002411
:102130001CE01DF8040018B9002045F8240013E045
:102140005B4845F8240006E055F82400594905F09D
:102150009EF945F824001DF80400401EC0B20DF899
:1021600004000028F0D100BF601CC4B2032CE0DBE7
:102170000020B7E72DE9FE4F06460F4600256846CA
:10218000FFF7A4FF002442E056F8240057F824107B
:10219000A0EB010ABAF1000F01DB514601E0CAF1E0
:1021A0000001084605F06BFB83464FF08F4105F0B8
:1021B000A0F980465DF82400002105F0DBFB16D075
:1021C0005DF82410404605F094F982464FF07E51A8
:1021D00005F057F9814629F0004A3748416A5046D0
:1021E00005F0D2FB12D20120A04005430EE0324898
:1021F000C169404605F0BEFB05D32F48016A404641
:1022000005F0C2FB02D20120A0400543641C032C50
:10221000BADB2846BDE8FE8F2DE9FC5F06460F4677
:10222000002522494968087801AB03220D21FEF7F9
:1022300027FD10B10720BDE8FC9F9DF8040000F0C9
:102240001F008DF804009DF8050000F01F008DF8B8
:1022500005009DF8060000F01F008DF80600002420
:1022600062E056F8240057F82410A0EB010BBBF1F4
:10227000000F01DB594601E0CBF10001084605F0F3
:10228000FEFA4FF08F41009005F033F9814601A826
:10229000005DC0B30849086805F0FAFA834659465C
:1022A000064805F026F980460FE0000050000020A7
:1022B0007B14AE3E1D5A843FE892000800B04C45A6
:1022C000FE49404605F0E3F8804601A8005D401E47
:1022D000C0B201A908550028F2D14146484605F090
:1022E00008F983464FF07E5105F0CBF882462AF07C
:1022F000004BF3488169584605F046FB13D2012094
:10230000A04005430FE0FFE7ED480169484605F0AE
:1023100031FB05D3EA484169484605F035FB02D256
:102320000120A0400543641C032C9ADB284682E769
:102330002DE9F04F87B005460C46914601208DF8F7
:10234000100000208DF81100DE4A1268917CDD4AF1
:102350005268107804AB0222FEF747FD20B14FF01F
:10236000FF3007B0BDE8F08FC820FEF77AF80020F4
:102370008DF81000D34A1268D17BD24A5268107887
:1023800004AB0122FEF731FD10B14FF0FF30E8E75A
:10239000CC4A12685179CB4A5268107804AB0122BA
:1023A000FEF723FD10B14FF0FF30DAE7C54A12689F
:1023B000917CC44A5268107804AB0122FEF715FDE7
:1023C00010B14FF0FF30CCE7BE4A1268D17DBD4A54
:1023D0005268107804AB0122FEF707FD10B14FF0F0
:1023E000FF30BEE7B74A12681179B64A52681078D2
:1023F00004AB0122FEF7F9FC10B14FF0FF30B0E75B
:102400000C208DF81000AF4A12681179AD4A52685D
:10241000107804AB0122FEF7E8FC10B14FF0FF305A
:102420009FE70F20FEF71DF8A648806A407A8DF8D6
:102430001000A44A12689178A24A5268107804AB3E
:102440000122FEF7D2FC10B14FF0FF3089E79D4822
:10245000806A007A8DF810009A4A12685178994A79
:102460005268107804AB0122FEF7BFFC10B14FF0A8
:10247000FF3076E7B9F1000F07D09248806A807A82
:1024800040F0E0008DF8100004E08E48806A807A09
:102490008DF810008B4A126891798A4A5268107838
:1024A00004AB0122FEF7A1FC10B14FF0FF3058E75A
:1024B000B9F1000F07D08348806AC07A40F0E0008D
:1024C0008DF8100003E07E48C07A8DF810007D4A38
:1024D0001268D1797B4A5268107804AB0122FEF76A
:1024E00084FC10B14FF0FF303BE7B9F1000F02D090
:1024F000C820FDF7B6FF40208DF81000714A126821
:102500001179704A5268107804AB0122FEF76DFC15
:1025100010B14FF0FF3024E778208DF81000694AA1
:1025200012685179674A5268107804AB0122FEF7AD
:102530005CFC10B14FF0FF3013E761498889FDF76B
:1025400090FF00208DF810005E4A126851795D4AB4
:102550005268107804AB0122FEF747FC10B14FF02F
:10256000FF30FEE6574A1268917A564A5268107850
:1025700004AB0222FEF784FB10B14FF0FF30F0E60F
:102580009DF811009DF8101040EA012B0C209BFBD8
:10259000F0F0C6B20020A86068602860A0606060AB
:1025A0002060824665E0474A1268D17A454A5268FF
:1025B000107804AB0C22FEF763FB10B14FF0FF3034
:1025C000CFE69DF811009DF8101040EA012000B2FE
:1025D000ADF808009DF813009DF8121040EA0120A4
:1025E00000B2ADF80A009DF815009DF8141040EAFD
:1025F000012000B2ADF80C00BDF9081020680844B5
:102600002060BDF90A10606808446060BDF90C10D4
:10261000A0680844A0609DF817009DF8161040EAD5
:10262000012000B2ADF800009DF819009DF81810C7
:1026300040EA012000B2ADF802009DF81B009DF8B1
:102640001A1040EA012000B2ADF80400BDF90010F4
:10265000286808442860BDF902106868084468606A
:10266000BDF90410A8680844A8600AF1010000F050
:10267000FF0AB24597DB1248D0F800C02868C1179E
:10268000090441EA1041070462460023384604F079
:10269000E5FB32460023CDE9020104F0DFFB2860B0
:1026A0000748D0F800C06868C117090441EA104122
:1026B000070462460023384606E0000054E3853FE5
:1026C000E89200085000002004F0C8FB32460023C6
:1026D000CDE9020104F0C2FB6860FE48D0F800C0FA
:1026E000A868C117090441EA1041070462460023A3
:1026F000384604F0B3FB32460023CDE9020104F072
:10270000ADFBA860F348D0F804C02168C8170004E6
:1027100040EA11480F04624600233846414604F05F
:102720009DFB32460023CDE9020104F097FB2060B7
:10273000E848D0F804C06068C117090441EA1041B4
:10274000070462460023384604F088FB3246002323
:10275000CDE9020104F082FB6060DE48D0F804C0DD
:10276000A068C117090441EA10410704624600232A
:10277000384604F073FB32460023CDE9020104F031
:102780006DFBA060A068002804DDA068A0F5803083
:10279000A06003E0A06800F58030A0600020E0E5C4
:1027A00038B50446CC4890F82400A04201D100205E
:1027B00038BD24B3C84890F8250010B94FF0FF3059
:1027C000F6E70020FEF74AFB0020FEF76FFCC24947
:1027D000C88CFEF7DCFE00200090BF4949680878ED
:1027E0006B4601222321FEF700FB0121BA4880F845
:1027F00024100120FEF732FBFEF7FCFC13E0002062
:10280000FEF72CFBB448007C0090B3494968087877
:102810006B4601222321FEF7E8FA0021AE4880F83A
:102820002410FEF7E7FC0020C2E72DE9F04F8DB041
:1028300083460F4602200C90A74890F8240020B150
:102840000020FFF7ADFF012600E0002603A8FFF7F8
:10285000E2F905A8FFF7FFF901A8FFF720FA02A89F
:10286000FFF742FA9C4890F80AA004A8FFF796FAEE
:10287000002407E0002239465846FFF759FD00B909
:1028800002E0641C022CF5DB00BF022C01D1002504
:1028900028E0002407E0012206A909A8FFF748FD67
:1028A00000B902E0641C022CF5DB00BF022C01D150
:1028B000002517E006A93846FFF75CFC00F0FF088A
:1028C00009A95846FFF7A8FC00F0FF090025B9F157
:1028D000000F01D145F00105B8F1000F01D145F01D
:1028E000020500BFFF207C490872FF217A4841722F
:1028F000C1724FF6FF71C181FF2181720174012104
:102900000173BDF80C00FEF7D0FE9DF81400FEF731
:102910008AFEBDF80400FEF78EFDBDF80800FEF744
:1029200036FE5046FEF75DFB9DF81000FEF74EFDAB
:1029300016B10120FFF734FF28460DB0BDE8F08F37
:10294000F8B504460D46164616B94FF0FF30F8BDEF
:102950006148807A10B94FF0FF30F8E720128DF807
:102960000000E0B28DF801009DF8010028445A49AA
:1029700049684989884202DD4FF0FF30E7E7564A4F
:102980001268117E544A526810786B460222FEF794
:102990002CFA10B14FF0FF30D9E7EAB24E4B1B686A
:1029A000597D4D4B5B6818783346FEF71EFA10B11F
:1029B0004FF0FF30CBE70020C9E7F8B504460D46DD
:1029C000164616B94FF0FF30F8BD4348807A10B96B
:1029D0004FF0FF30F8E720128DF80000E0B28DF8DC
:1029E00001009DF8010028443B4949684989884213
:1029F00002DD4FF0FF30E7E7374A1268117E364AB2
:102A0000526810786B460222FEF7EFF910B14FF0D2
:102A1000FF30D9E7EAB2304B1B68597D2E4B5B681B
:102A200018783346FEF72CF910B14FF0FF30CBE7A2
:102A30000020C9E72DE9F04385B005460E469046D3
:102A40009946254890F8250020B14FF0FF3005B099
:102A5000BDE8F08316B94FF0FF30F8E7002423E01B
:102A6000281B102801DD102000E0281B87B2321936
:102A700039462046FFF764FF10B14FF0FF30E6E71C
:102A800001AA39462046FFF798FF10B14FF0FF30FA
:102A9000DDE730193A4601A904F04AFA10B16FF0A7
:102AA0000100D4E7E01984B2AC42D9DB4FEA282018
:102AB0008DF8000008F0FF008DF80100064A12684A
:102AC000917E054A526810786B460222FEF78DF916
:102AD00038B103E0E8920008500000204FF0FF30CA
:102AE000B5E70121FE4880F82510A0F826900020C7
:102AF000ADE70146FA4890F82400087000207047BE
:102B00004FF0FF30704702464FF0FF3070470146EC
:102B10004FF0FF307047F8B505460F461446002CBD
:102B200070D0B5F5FF5F01DDFF2605E0202D01DA4D
:102B3000012601E0C5F3471607B90127282C02DD5D
:102B40004FF0FF30F8BDE648407D28BBE44890F8E0
:102B5000240038B10020FFF723FE0121E04880F86F
:102B6000201003E00021DE4880F82010DC481630F9
:102B7000FFF751F8DA481830FFF76DF8D8481A30E7
:102B8000FFF78DF8D6481C30FFF7AEF8D448817AAD
:102B900081771F30FFF702F90020FEF75FF9002070
:102BA000FEF788FC00208DF80000CD4A126891786D
:102BB000CB4A526810786B460122FEF716F910B125
:102BC0004FF0FF30BEE740208DF80000C44A126885
:102BD000D17BC34A526810786B460122FEF705F993
:102BE00000B165E08DF800608DF80170BC4A126894
:102BF000117ABB4A526810786B460222FEF7F5F84C
:102C000008B155E047E00520FDF72BFCB448407AB9
:102C1000072101EBC000C0B28DF80000B04A126875
:102C2000D179AF4A526810786B460122FEF7DDF881
:102C300000B13DE020208DF80000012C03D10020E0
:102C40008DF801000EE0052C03DC01208DF8010059
:102C500008E0142C03DC02208DF8010002E00320C0
:102C60008DF801009DF80100072101EB8010C0B232
:102C70008DF801009A4A1268917C994A526810783E
:102C80006B460222FEF7B1F800B111E00121944831
:102C90004175002056E7924A1632002103E0505C4D
:102CA00000B105E0491C0C29F9D34FF0FF3049E78A
:102CB000FF208B490872FF2189484172C1724FF68B
:102CC000FF71C181FF2181720174012101730146ED
:102CD000887FFEF786F98249C88AFEF7E6FC8049BC
:102CE000087EFEF7A0FC7E49488BFEF7A4FB7C49DA
:102CF000888BFEF74CFC7A49C87FFEF767FB784863
:102D000090F8200010B10120FFF74AFD002174481F
:102D10004175002016E770B588B002A905A8FFF735
:102D200084FD0446072C3ED101A8FEF7F3FF059869
:102D300004F0A5FD0646019904F0A9FB054604F040
:102D4000BDFD0590069804F09AFD0646019904F031
:102D50009EFB054604F0B2FD0690079804F08FFD37
:102D60000646019904F093FB054604F0A7FD079081
:102D700005A800F052FA6846FEF7E9FFBDF800101A
:102D8000029848430290BDF800100398484303900E
:102D9000BDF8001004984843049002A800F0D0FA4F
:102DA000002008B070BD0120FBE7014691F900202A
:102DB000002A01DD00201EE091F90020002A01DA3E
:102DC000042018E091F90120002A01DD012012E021
:102DD00091F90120002A01DA05200CE091F9022086
:102DE000002A01DD022006E091F90220002A01DA22
:102DF000062000E00720704710B504462046FFF784
:102E0000D4FF0346E01CFFF7D0FF43EAC00083B2C3
:102E1000A01DFFF7CAFF43EA801083B2184610BD19
:102E200070B50024FDF749FDFEF781FC00283DD177
:102E30007820FEF7D6F8C4B20CB1012070BD78201E
:102E4000FEF7C4FAC4B20CB10220F7E76420FEF723
:102E50009EFBC4B20CB10320F0E700F043F9C4B20A
:102E60000CB10420EAE71F48FFF7C6FF054600F053
:102E700043F9C4B20CB10520E0E740F2731000F052
:102E80007CFDC4B20CB10620D8E7642000F0EEFA55
:102E9000C4B20CB10720D1E7FFF73DFF0446012083
:102EA000FFF77EFCC4B21CB10920C7E70A20C5E7C2
:102EB0000020C3E72DE9F04F99B004460D461646B1
:102EC0004FF07E574FF000084FF000094FF0000A16
:102ED00012A813A918AB0EAACDE9001014A903E09B
:102EE000500000207C00002016A800F0A5FE18B1BC
:102EF000012019B0BDE8F08FBDF84C0000F48070DF
:102F000000287CD00E9804F0BAFC83464FF09D4117
:102F100004F0EFFA07460F9804F0B1FC83464FF037
:102F20009D4104F0E6FA8046109804F0A8FC834620
:102F30004FF09D4104F0DDFA8146119804F09FFCAA
:102F400083464FF09D4104F0D4FA824639464FF053
:102F5000804004F09CFA4946059004F098FA4146F6
:102F600007904FF0404004F092FA5146059004F06B
:102F70008EFA0690079904F032FA834604F0CBFCEF
:102F8000CDE9080105F06EFE4FF06632544BCDE9F5
:102F90000A0104F093FBCDE90C0104F0CFFC2060A2
:102FA00049464FF0804004F072FA4946029004F01E
:102FB0006EFA414604904FF0404004F068FA4146F2
:102FC000029004F064FA0390049904F05AFA8346DC
:102FD0004FF07E5104F003FA059004F09CFCCDE91B
:102FE000080139464FF0804004F051FA4146039001
:102FF00004F04DFA494604904FF0804000E06AE04A
:1030000004F045FA5146039004F041FA83460499CE
:1030100004F0E5F9059004F07EFCCDE90601DDE958
:10302000082306F067F84FF066322D4BCDE90A0110
:1030300004F044FBCDE90C0104F080FC286051460B
:10304000504604F024FA49460490484604F01FFA1A
:1030500041460390404604F01AFA3946019038463A
:1030600004F015FA0090019904F0B9F9029003995F
:1030700004F007FA8346049904F003FA059004F07B
:103080004AFCCDE908015146384604F000FA4946A9
:103090000490404604F0FBF90390049904F09FF972
:1030A0004FF08041059004F0F2F9834604F033FCC0
:1030B000CDE90601DDE9082306F01CF84FF0663281
:1030C000074BCDE90A0104F0F9FACDE90C0104F04F
:1030D00035FC306001E002200BE7002009E700002A
:1030E00066A64C4010B5C8234FF48062F74940F6FD
:1030F000F630FFF79FFC10BD10B586B00446F4A073
:1031000000680390F3A000680290F3A000680190AB
:10311000F2A00068009004F0030003A9085C8DF899
:10312000140003A8C4F3C101405C8DF8150003A886
:10313000C4F38111405C8DF8160004F0030002A96D
:10314000085C8DF8100002A8C4F3C101405C8DF842
:10315000110002A8C4F38111405C8DF8120005AA89
:10316000032140F22640FFF7EBFB18B14FF0FF3090
:1031700006B010BD04AA032140F22A40FFF7E0FB8D
:1031800010B14FF0FF30F3E70198059000980490DC
:1031900004F0040058B19DF8140040F001008DF8CF
:1031A00014009DF8100040F001008DF8100004F0AC
:1031B000200058B19DF8150040F001008DF8150071
:1031C0009DF8110040F001008DF8110004F48070AA
:1031D00058B19DF8160040F001008DF816009DF8DA
:1031E000120040F001008DF8120005AA03214FF4EF
:1031F0008860FFF7A5FB10B14FF0FF30B8E704AAD5
:10320000032140F23140FFF79BFB10B14FF0FF303C
:10321000AEE7B34804810020AAE71FB50446B048D2
:10322000007A00F0030054F820000190AC48007AC6
:1032300000F0040010B1019840420190A848007AC3
:10324000C0F3C10054F820000290A548007A00F0B5
:10325000200010B1029840420290A148007AC0F3C9
:10326000811054F8200003909D48008900F480707C
:1032700010B10398404203909A49019880FB0101E4
:10328000800F40EA810001909649029880FB01106E
:10329000820042EA917002909249039880FB0110EB
:1032A000820042EA917003900198000E8DF80000B0
:1032B0000198000C8DF801000198000A8DF80200B9
:1032C0000198C0B28DF803006A4604214FF474706F
:1032D000FFF736FB18B14FF0FF3004B010BD029875
:1032E000000E8DF800000298000C8DF80100029885
:1032F000000A8DF802000298C0B28DF803006A46F9
:1033000004214FF47570FFF71BFB10B14FF0FF3035
:10331000E3E70398000E8DF800000398000C8DF889
:1033200001000398000A8DF802000398C0B28DF8DE
:1033300003006A4604214FF47670FFF701FBCCE7E7
:1033400070B588B0064601A8FEF701FDBDF804007F
:103350000021C90341EA5045C4036148007A00F0E6
:10336000030056F8200005905D48007A00F0040044
:1033700010B10598404205905948007AC0F3C10049
:1033800056F8200006905648007A00F0200010B150
:103390000698404206905248007AC0F3811056F8D1
:1033A000200007904E48008900F4807010B1079803
:1033B000404207900598C117A0FB042301FB04318C
:1033C00000FB0510810041EA927005900698C11734
:1033D000A0FB042301FB043100FB0510810041EA3E
:1033E000927006900798C117A0FB042301FB0431DB
:1033F00000FB0510810041EA927007900598000ECD
:103400008DF808000598000C8DF809000598000A51
:103410008DF80A000598C0B28DF80B000698000ED2
:103420008DF80C000698000C8DF80D000698000A27
:103430008DF80E000698C0B28DF80F000798000EA8
:103440008DF810000798000C8DF811000798000AFD
:103450008DF812000798C0B28DF8130002AA0C2153
:103460004FF42570FFF76CFA08B070BD30B585B029
:1034700004461DA207CA02AB07C3C82C03DD4FF0E8
:10348000FF3005B030BDC82090FBF4F0401E85B27F
:10349000280A8DF80000E8B28DF801006A46022182
:1034A00040F21620FFF74CFA10B14FF0FF30E8E77A
:1034B00002AA0C2140F6C120FFF742FA10B14FF0EA
:1034C000FF30DEE7064884810020DAE71093000829
:1034D0004CCD6C000CC92C00365676002646660092
:1034E0006C01002009E3CA02FEF2ABC4AAF1DFDFDF
:1034F000BBAFDFDF0146FC488089088000207047B1
:103500002DE9FC4706460F4606F0070010B1B7F557
:10351000C86F03DD4FF0FF30BDE8FC87384604F08C
:10352000B7F98146F14903F0E4FF80466846FEF7AB
:1035300092FB9DF80000022806D0042816D0082827
:1035400026D0102848D135E04FF08D41404603F099
:103550009EFF814604F0CBF984B2E549404603F072
:1035600096FF814604F0C3F985B238E04FF08C41F4
:10357000404603F08CFF814604F0B9F984B2DD497E
:10358000404603F084FF814604F0B1F985B226E09D
:103590004FF08B41404603F07AFF814604F0A7F9D3
:1035A00084B2D549404603F072FF814604F09FF98A
:1035B00085B214E04FF08A41404603F068FF81462F
:1035C00004F095F984B2CD49404603F060FF81468E
:1035D00004F08DF985B202E04FF0FF309CE700BFA8
:1035E00020128DF80400E0B28DF8050028128DF845
:1035F0000600E8B28DF8070006F00100A0B101AAAC
:1036000002214FF4EA70FFF79BF910B14FF0FF3041
:1036100082E70DF1060202214FF49270FFF790F954
:1036200010B14FF0FF3077E706F00200A0B101AA19
:1036300002214FF4EC70FFF783F910B14FF0FF3027
:103640006AE70DF1060202214FF49470FFF778F952
:1036500010B14FF0FF305FE706F00400A0B101AAFF
:1036600002214FF4EE70FFF76BF910B14FF0FF300D
:1036700052E70DF1060202214FF49670FFF760F950
:1036800010B14FF0FF3047E7002045E738B504465A
:103690000020009004F0010020B19DF8000040F0EF
:1036A0003000009004F0020020B19DF8000040F0CE
:1036B0000C00009004F0040020B19DF8000040F0E0
:1036C000030000906A4601214FF4A470FFF738F917
:1036D00038BD38B50446012C01DA012402E0042C7F
:1036E00000DD0424601EC0B200906A46012140F251
:1036F0004F10FFF725F938BD38B50446052094FB77
:10370000F0F085B228128DF80000E8B28DF80100C3
:103710006A4602214FF4EF70FFF712F938BD38B551
:103720000446052094FBF0F085B228128DF80000C5
:10373000E8B28DF801006A4602214FF4ED70FFF700
:10374000FFF838BDF8B505460E464FF47A7095FB84
:10375000F0F000FB06F4200E8DF80000200C8DF830
:103760000100200A8DF80200E0B28DF803006A46DD
:1037700004214FF4AE70FFF7E3F8F8BD38B5044606
:10378000052094FBF0F084B220128DF80000E0B226
:103790008DF801006A4602214FF4AD70FFF7D0F8B2
:1037A00038BD38B50446052094FBF0F084B22012F1
:1037B0008DF80000E0B28DF801006A4602214FF456
:1037C000AC70FFF7BDF838BD38B5044614B94FF0FA
:1037D000FF3038BD6A4604214FF45870FFF7EDF80A
:1037E00010B14FF0FF30F4E79DF8000000069DF89F
:1037F000011040EA01409DF8021040EA01209DF8C6
:103800000310084320600020E3E738B50446200E8B
:103810008DF80000200C8DF80100200A8DF80200C0
:10382000E0B28DF803006A4604214FF45870FFF7A8
:1038300087F838BD38B5044614B94FF0FF3038BDAD
:103840006A4604214FF47170FFF7B7F810B14FF0DA
:10385000FF30F4E79DF8000000069DF8011040EAF3
:1038600001409DF8021040EA01209DF80310084332
:1038700000EB8000800020600020E0E738B50446BF
:103880001420B4FBF0F4200E8DF80000200C8DF80D
:103890000100200A8DF80200E0B28DF803006A46AC
:1038A00004214FF47170FFF74BF838BD38B504466A
:1038B00064B120208DF8000028208DF80100302010
:1038C0008DF8020038208DF8030004E0A3220421C3
:1038D000684603F006FB6A46042140F69E20FFF787
:1038E0002FF8FDF787FC38BD6C010020000048432D
:1038F000000040460000C045000040450000C044B4
:1039000038B5044664B1C0208DF80000C2208DF89F
:103910000100C4208DF80200C6208DF8030004E0E9
:103920008B220421684603F0DCFA6A46042140F643
:103930009820FFF705F8FDF75DFC38BD3EB504465D
:103940006CB1FDA1D1E900208968CDE90020029188
:103950006A4609214FF49760FEF7F2FF3EBDF9A2D7
:10396000D2E900109268CDE9010200916A4609216E
:103970004FF49760FEF7E4FFF0E73EB504460220FF
:103980008DF80000CA208DF80100E3208DF80200B8
:1039900009208DF803006A4604216820FEF7D0FF55
:1039A000A3208DF8000004F0400048B1C0208DF83D
:1039B0000100C8208DF80200C2208DF8030006E047
:1039C000A3208DF801008DF802008DF8030004F4A7
:1039D000C07048B1C4208DF80400CC208DF80500DB
:1039E000C6208DF8060006E0A3208DF804008DF8AF
:1039F00005008DF80600A3208DF807008DF808005B
:103A00008DF809006A460A2140F6A720FEF798FFC4
:103A100004F0030018B120208DF8000002E0D82047
:103A20008DF800006A46012140F6B620FEF788FFB7
:103A300004F0200018B10120FFF780FF02E0002011
:103A4000FFF77CFF04F4C07008B304F4807060B129
:103A5000B2208DF800008B208DF80100B6208DF883
:103A600002009B208DF803000BE0B0208DF80000D1
:103A700080208DF80100B4208DF8020090208DF890
:103A800003006A46042140F6A220FEF759FF04F025
:103A9000010020B3F8208DF800006A4601214FF4A0
:103AA0000B60FEF74DFFFA210720FFF729FD0720E5
:103AB000FFF7ECFD0120FFF70CFE6420FFF71CFE72
:103AC0004FF4FA70FFF72BFEC821A148FFF73AFE2A
:103AD0002820FFF753FE0A20FFF763FE08E0D820F6
:103AE0008DF800006A4601214FF40B60FEF728FFB5
:103AF00004F0020018B1D9208DF8000002E0D820AF
:103B00008DF800006A46012140F23D70FEF718FF73
:103B100004F0040018B10120FFF7F2FE02E00020DB
:103B2000FFF7EEFE04F0100018B10120FFF7BEFE13
:103B300002E00020FFF7BAFE44F008008549488102
:103B4000FDF758FB00208349887304F0400018B14A
:103B50000846807B801D887304F4C07020B17D48C6
:103B6000807B801D7B49887304F0140020B1794864
:103B7000807B10307749887304F0030020B17548CA
:103B8000807B001D7349887300203EBD014671484B
:103B900040890880002070472DE9F0410446E07814
:103BA00000F0C006E07800F03F05607800F001000A
:103BB00098B1EF102846E91705EB5171C910A5EB34
:103BC000C101491C01F0FF086248006820B161484A
:103BD000414602683846904700BF607800F0080010
:103BE00030B15C48406818B1B0115A4A51688847F2
:103BF0000020BDE8F08110B586B0044656A207CA81
:103C000003AB07C357A207CA8DE80700012C09D0F0
:103C1000022C0ED103AA0B2140F68220FEF790FE63
:103C200006B010BD6A460B2140F68220FEF788FEE2
:103C3000F6E74FF0FF30F3E72DE9F04F8DB0074680
:103C4000884615469946DDE9166B00240020308031
:103C50004049887B5A4605A9FEF7D5F918B1601E80
:103C60000DB0BDE8F08F3B48807A00F014000028CA
:103C700061D09DF8140000069DF8151040EA01403F
:103C80009DF8161040EA01209DF81710084328609F
:103C90009DF8180000069DF8191040EA01409DF8B3
:103CA0001A1040EA01209DF81B10084368609DF837
:103CB0001C0000069DF81D1040EA01409DF81E10F2
:103CC00040EA01209DF81F100843A8609DF82000DD
:103CD00000069DF8211040EA01409DF8221040EABC
:103CE00001209DF823100843E86004F11000C4B2DD
:103CF000286800140190686800140290A8680014F5
:103D00000390E8680014049001984043029901FB75
:103D10000100039901FB0100049901FB010ABAF1BA
:103D2000706F02DBBAF1885F22DDFDF763FA0020D5
:103D30003080401E94E721E0B8AAB38DB4980D35C9
:103D40005D000000B8AAAAAAB088C3C5C7000000D9
:103D500009E3CA026C010020D8B1B9F38BA391B674
:103D600009B4D900DAB1B9F38BA391B6DAB4DA00A9
:103D7000B6F9000040F48070308000BF3448807A8B
:103D800000F0400020B305A9601C085C095D40EA12
:103D9000012000B2A8F8000005A9E01C095C05AAF2
:103DA000A01C105C41EA002000B2A8F8020005A99E
:103DB000601D095C201D105C41EA002000B2A8F8DB
:103DC0000400A01DC4B2B6F9000040F00800308025
:103DD0001F48408900F4C07008B305A9601C085C46
:103DE000095D40EA012000B2388005A9E01C095CA9
:103DF00005AAA01C105C41EA002000B2788005A949
:103E0000601D095C201D105C41EA002000B2B880F2
:103E1000A01DC4B2B6F9000040F0700030800C481C
:103E2000807A00F0030018B105A90819FFF7B4FE65
:103E30004846FDF74CFD002012E7014604480160AA
:103E40000020704701460248416000207047000092
:103E50006C0100200020704770470EB5684600F0E6
:103E60004FFE00F041FE08B900200EBD9DF808008D
:103E7000232801DA0020F8E70120F6E7F948FA499B
:103E800008600020F94908607047FEB5684600F0F8
:103E900037FE019803F0F3FC0746F54903F0F7FA03
:103EA0000546009803F0EBFC0746F24903F0EFFAF1
:103EB0000646294603F093FA0446EF49204603F0EC
:103EC00063FD01D2EC4C05E0EC49204603F052FDC5
:103ED00000D2EA4C204603F0F1FCFEBD2DE9F0478C
:103EE00005460C46204603F0CAFC8246E4480168B9
:103EF000504603F0CCFA8046284603F0C0FC8246C8
:103F0000E0480168504603F0C2FA8146414603F09A
:103F100066FA074603F0D2FC06463046BDE8F08755
:103F20002DE9F05F05460E4614460021204603F0B9
:103F3000A8FA8346D4480168584603F0A8FA814697
:103F40003146284603F0A0FA8346D0480168584617
:103F500003F09DFA8246494603F041FA804603F099
:103F6000ADFC07463846BDE8F09F2DE9F84F044602
:103F70000D461646C64FA819001BC6490860C6481C
:103F8000006803F07CFC8346394603F080FA8146E2
:103F9000C048006803F073FC834639464FF07E50FA
:103FA00003F06FFA5946009003F071FA82464946D1
:103FB00003F015FA804603F081FCB8490860084612
:103FC0000068B5490860B6480068B4490968084403
:103FD000B34908600846006844F62061884201DD64
:103FE000084608E0AE480068AE49884201DA084653
:103FF00001E0AB480068AA490860AB480078012896
:1040000003D100200860A8490870A548006803F0A3
:1040100036FC8346A5480168584603F038FA8146C5
:104020009E48006803F02BFC8346A148016858466F
:1040300003F02DFA8246494603F0D1F9804603F099
:104040003DFC9C49086008460068BDE8F88F2DE9F2
:10405000F041202001F056FA00286ED09648006802
:1040600000286AD1202001F05EFA022000F097FAC1
:10407000404292490860042000F091FA904908609B
:10408000904A91499148FEF715FF914A914992480B
:10409000FCF75BFE914A92499248FCF77EFE00F0E5
:1040A00008FDFFF7D7FE10B1FFF7D6FE3BE0FFF7A4
:1040B000D4FE10B1FFF7E2FE35E000BF8A48007879
:1040C00028B98A48007810B90020674908608648F6
:1040D0000078012807D14FF07E516348006803F053
:1040E0007EF96149086081480078012807D14FF0C6
:1040F0007E515D48006803F072F95B4908607C49B5
:104100005948006803F040FC01D2794809E0794938
:104110005548006803F02EFC01D2764801E0524871
:10412000006851490860FFF795FE88B9FFF795FED2
:1041300020B100204D4908600AE01CE100BF6E4834
:10414000007828B96D48007810B900204749086008
:10415000FFF780FEA8B968480078012806D16849B1
:104160004248006803F03BF9404908606348007822
:10417000012806D162493D48006803F082F93B49B5
:1041800008603D493948006803F0FEFB01D23A4817
:1041900009E03A493548006803F0ECFB01D23748A2
:1041A00001E03248006831490860FFF753FE18B15A
:1041B0000020344908601CE0FFF74FFE18B10020D2
:1041C0003049086015E000BF4B48007830B94B48D3
:1041D000007818B94B482B4908600AE04648007837
:1041E000012803D045480078012802D10020254944
:1041F00008601D48006803F061FB0546304802680E
:104200002E4801682846FFF7B0FE3F490860324853
:10421000B0F9000003F033FB06463B48006803F0AA
:104220002EFB074639480168384603F0D8F80546A2
:104230003246254801682846FFF772FE3449086077
:10424000FFF708FE68B10948006803F037FB054630
:1042500029461F48B0F90000FFF740FE2D490860CD
:1042600070E059E0000020C18C0000209000002088
:10427000EC51383E0AD7A33E0000C8420000C8C235
:10428000A8000020A4000020980000209400002036
:104290003333333FC4000020BC000020C80000209E
:1042A000B8000020E0B1FFFFCD000020A0000020FA
:1042B0009C000020C0000020148121421800002032
:1042C0001C00002008000020000000200400002046
:1042D000100000200C0000200E000020160000201E
:1042E0001400002012000020D0000020D100002087
:1042F00000002042000020C2D2000020D300002095
:104300000000F0419A99193FB00000208800002079
:10431000AC000020B4000020FFF79FFD20B1FFF7A4
:10432000B4FD414908600DE000BF4048006803F05B
:10433000C5FA054629463E48B0F90000FFF7CEFD14
:10434000394908603B48046837480068201A3A49F0
:10435000086035480068204438490860364800F055
:1043600097F9364801683448006800F0BAF93449D2
:10437000344800F0EEF9BDE8F08170B505460C4612
:1043800031A1284602F0C6FD18B93048046001206A
:1043900070BD2FA1284602F0BDFD18B92D4804605C
:1043A0000120F5E72CA1284602F0B4FD18B92B48EE
:1043B00004600120ECE72AA1284602F0ABFD18B901
:1043C000284804600120E3E727A1284602F0A2FD67
:1043D00018B9264804600120DAE725A1284602F032
:1043E00099FD18B9234804600120D1E70020CFE7E8
:1043F00070B5DDE9044510B1144E3668066011B1A0
:10440000144E36680E6012B1144E3668166013B141
:10441000144E36681E6014B1144E3668266015B10D
:10442000144E36682E6070BDB4000020900000204D
:1044300010000020AC000020280000202C000020EC
:104440000000002088000020564B500094000020FF
:10445000564B440098000020534B50009C00002015
:10446000534B4900A0000020524B5000A8000020F0
:10447000524B4400A400002000B587B00121042065
:1044800001F076FB0121084601F07FFB04208DF846
:104490001B000320ADF8180006A95C4801F0ACF839
:1044A00003A801F0C9FF0020ADF81200ADF80E001E
:1044B0004FF6FF70ADF810000020ADF80C0003A916
:1044C0004FF0804001F08CFC00231A4603214FF08E
:1044D000804002F094F8684601F0C1FF0A20ADF870
:1044E00008006946400701F00EFF012211469007BF
:1044F00001F0EDFF00214FF0804002F061FA012150
:10450000880701F0C9FF07B000BD00B587B00121E1
:10451000082001F02DFB0121042001F036FB0420CE
:104520008DF81B00C020ADF8180006A9384801F02E
:1045300063F803A801F080FF0020ADF81200ADF889
:104540000E004FF6FF70ADF810000020ADF80C0023
:1045500003A9304801F044FC00231A4603212D48EA
:1045600002F04DF8684601F07AFF0A20ADF8080025
:104570006946284801F0C7FE0121264802F052FA98
:1045800001221146234801F0A2FF0021214802F038
:1045900017FA01211F4801F07FFF07B000BD70B579
:1045A0000546022D02D0042D14D10AE04FF08040C0
:1045B00002F029FA04B200214FF0804002F000FA24
:1045C0000AE0144802F01FFA04B20021114802F078
:1045D000F7F901E0002400BF00BF204670BD10B510
:1045E0000121880702F021FA18B10121880702F0A1
:1045F0002DFA10BD10B50121064802F016FA18B1C7
:104600000121044802F022FA10BD00000008014018
:10461000000C0140000800400EB50121092001F006
:10462000A7FA48208DF803002020ADF800000320F1
:104630008DF8020069460B4800F0DEFF05210120DD
:1046400001F0F0F82020019001208DF80A000020F0
:104650008DF808000C208DF8090001A800F0ECFE90
:104660000EBD0000000C014008B50121082001F03A
:104670007FFA10208DF803004FF47040ADF8000071
:1046800003208DF8020069463F4800F0B5FF08BDE1
:104690003E4B02681B689A4202DD3C4A1268026087
:1046A0003B4B02681B689A4202DA394A1268026080
:1046B000364B0A681B689A4202DD344A12680A6067
:1046C000334B0A681B689A4202DA314A12680A6060
:1046D00070470146002901DD0A4600E04A421046C3
:1046E000704770B505460C46002D07DD01202949AD
:1046F000086000202849C1F8BC0106E000202549D7
:10470000086001202449C1F8BC012846FFF7E1FFF9
:1047100086B23146214802F057F9002C08DD01200D
:104720001C49091F086000201B49C1F8B00107E0BF
:1047300000201849091F086001201749C1F8B0017D
:104740002046FFF7C6FF86B23146144802F042F910
:1047500070BD2DE9F04104460D462168286802F03D
:1047600090FE074603F0AAF80646FFF7B2FF3C2882
:1047700007DD0B4801780078FFF7B3FF01200949F6
:104780000870BDE8F0810000000C0140200000200E
:1047900024000020B881214200802142002C0140E9
:1047A000CC000020CD00002030B589B004460D4675
:1047B000012140F6050001F0DBF918208DF82300F7
:1047C0004FF41060ADF8200003208DF8220008A9F6
:1047D0001E4800F011FF05A801F02EFE0020ADF8E4
:1047E0001A00ADF81600ADF81850ADF8144005A940
:1047F000174801F0F5FA6020ADF804000020ADF88C
:104800000C000120ADF806000020ADF80A0001A957
:104810000F4801F022FB01A90D4801F0F8FB01212E
:104820000B4801F045FE0821094801F065FF082109
:10483000074801F080FF0121054801F02DFF01210B
:10484000034801F029FE09B030BD00000008014016
:10485000002C014070B505460C46002028702070E1
:104860004021E04802F044FB70BD0146002007E013
:104870000A78303A00EB800302EB430290B2491C05
:104880000A78302A02DB0A78392AF1DD704710B540
:1048900088B00020079006900490059004A806AB0D
:1048A00007AAD1A10090CF4802F050FB0446032C88
:1048B00001D008B010BD07A802F084FDC0B28DF889
:1048C00008009DF818008DF8090004A8FFF7CDFF37
:1048D000ADF80A009DF8080008B1012000E00020B2
:1048E0008DF80C009DF80800C64908709DF8090075
:1048F0004870BDF80A0048809DF80C000871282017
:10490000C14908700020C1490870C1490870C149F7
:104910000870C149087000BFCBE710B58CB000200B
:104920000A900B90089009900790069006A807A996
:1049300008AB0AAACDE90010B8A1AA4802F006FB0C
:104940000446042C01D00CB010BD0AA802F03AFDB8
:10495000039008A802F036FD049007A802F032FD8B
:10496000C0B28DF8140006A802F02CFDC0B28DF87C
:1049700015009DF8150000F001008DF816009DF857
:104980001500C0F340008DF817009DF8140064284E
:1049900002DD64208DF81400A8490398086004988B
:1049A00048609DF8140008729DF8150048729DF843
:1049B000160088729DF81700C8722820A049087058
:1049C00000209249087092490870924908709249F3
:1049D000087000BFB7E710B582484078432802D17D
:1049E000FFF755FF05E07F4840784C2801D1FFF7DD
:1049F00094FF10BD10B586B004460121082001F0D7
:104A0000B7F80121880401F0C0F84FF48060ADF8D8
:104A1000140003208DF8160018208DF8170005A942
:104A2000884800F0E9FD4FF40060ADF81400042060
:104A30008DF8170005A9834800F0DEFD01940020E1
:104A4000ADF80800ADF80A00ADF80C00ADF81000A4
:104A50000C20ADF80E0001A97B4802F03EF80122BF
:104A600040F22551784802F0D0F80121764802F052
:104A7000C0F806B010BD63480079704761490A6804
:104A800002608988818070475F48007800280FDDC8
:104A90005D480078401E5C4908700846007838B9C7
:104AA0000020584908704E20487000204880087146
:104AB000704700B5FFF7E8FF61480078002812DD75
:104AC0005F480078401E5E4908700846007850B97B
:104AD00000205A490860486008720220487200208D
:104AE00088720120C87200BD5448807A08B900203D
:104AF00070475248C07A08B10020F9E70120F7E773
:104B00004E4B19685A689B6880E80E0070474B4806
:104B10000068704710B540F225514B4802F05AF931
:104B200000283ED040F22551474802F07DF9464822
:104B300002F0D0F8C4B2242C12D1012043490870ED
:104B40000020434908704021264802F0D1F940482E
:104B500001780078401C3E4A10702248445410BD31
:104B60003A48007800B9FAE7394800783F2804DB72
:104B700037493648FFF76EFEF1E73548017800788F
:104B8000401C334A107017484454232C09D100208C
:104B9000144912788854FFF71EFF2D492B48FFF760
:104BA00059FE00BFDBE710B504462146264802F057
:104BB0008DF800BF4021244802F0F6F80128F9D111
:104BC00010BD70B50446204602F09DF986B200255E
:104BD00005E014F8010BFFF7E6FF681C85B2B5424B
:104BE000F7DB70BD7C01002024432C25335B5E2C59
:104BF0005D2C25335B5E2C5D2C25375B5E235D23AE
:104C000000000000D4000020E8000020D0000020B8
:104C1000D1000020D2000020D3000020244C2C25FD
:104C2000375B5E2C5D2C25375B5E2C5D2C25335B62
:104C30005E2C5D2C25335B5E235D2300DC000020B1
:104C4000E9000020000C014000480040EA0000207C
:104C5000EB00002010B5044600BF8021F84802F0A8
:104C6000A3F80028F9D02146F54802F02FF810BD2E
:104C700070B504460D4603E014F8010BFFF7EAFF98
:104C8000281EA5F101018DB2F6D170BD70B5ED4CB5
:104C9000002520464078442800D070BD16E02078DA
:104CA0003A2811D16078302802D0607831280BD1B1
:104CB000082D07DA60783038C2B22846691CCDB2B8
:104CC000E1490A54A41C01E0641C00BF207810B123
:104CD00020782328E3D1082D00DADEE70120DB4924
:104CE0000870DB4908706421D64802F001F900BF62
:104CF000D3E710B586B004460121480400F045FF13
:104D00000121042000F034FF0420ADF81400182025
:104D10008DF8170003208DF8160005A9CD4800F086
:104D20006BFC0820ADF8140004208DF8170005A9CD
:104D3000C84800F061FC01940020ADF80800ADF80F
:104D40000A00ADF80C00ADF810000C20ADF80E0014
:104D500001A9BB4801F0C1FE012240F22551B8482B
:104D600001F053FF0121B64801F043FF06B010BD2A
:104D70007CB504460D46B8A103C9CDE900010CB1CC
:104D8000312000E030208DF8010030208DF8030044
:104D90000DB1312000E030208DF80500684602F0AA
:104DA000B2F886B231466846FFF762FF7CBD10B5A7
:104DB0000446242C0ED10120A94908700020A949DD
:104DC0000870084601780078401CA64A1070A64872
:104DD000445410BDA248007800B9FAE7A148017810
:104DE0000078401C9F4A10709F484454232C10D1D7
:104DF00000209B4908701146087064229A49914826
:104E000002F05DF86421984802F072F8FFF73EFF67
:104E1000DFE794480078642808DB00209049087098
:104E2000904908706421904802F062F800BFD0E712
:104E300070B5102612E08D4804888D4800888442A1
:104E400000D110E08B48055D601C84B2642C00DB4F
:104E50000024864804802846FFF7A9FF301EA6F1EB
:104E60000101CEB2E7D100BF70BD7848007870472D
:104E70008148824908607047F0B5734801784678E8
:104E80008378C4780579477990F806C0C0790246DE
:104E900029B923B91CB915B90AB90020F0BD01B16F
:104EA0001EB9012A01D1901FF8E7BCF1000F00D014
:104EB0001AB9012901D10520F0E701290FD1012EEE
:104EC0000DD1012B0BD154B9012D08D1012F06D1E1
:104ED000BCF1010F03D1012A01D1081FDEE701292E
:104EE0000ED1012E0CD15BB954B9012D08D1012F7F
:104EF00006D1BCF1010F03D1012A01D1481FCDE732
:104F000001290FD1012E0DD163B9012C0AD1012D38
:104F100008D1012F06D1BCF1010F03D1012A01D123
:104F2000481FBBE701290FD176B9012B0CD1012C09
:104F30000AD1012D08D1012F06D1BCF1010F03D1F7
:104F4000012A01D1881FA9E701290ED16EB963B9E1
:104F5000012C0AD1012D08D1012F06D1BCF1010F7E
:104F600003D1012A01D1881F98E781B9012E0ED102
:104F7000012B0CD1012C0AD1012D08D1012F06D112
:104F8000BCF1010F03D1012A01D1D01F86E779B905
:104F900076B9012B0CD1012C0AD1012D08D1012F9A
:104FA00006D1BCF1010F03D1012A01D1D01F75E751
:104FB00001290FD1012E0DD1012B0BD1012C09D1CB
:104FC00045B9012F06D1BCF1010F03D1012A01D14E
:104FD000032063E701290ED1012E0CD1012B0AD148
:104FE000012C08D13DB937B9BCF1010F03D1012A19
:104FF00001D1042052E701290FD1012E0DD1012B3F
:105000000BD1012C09D1012D07D137B9BCF1010F0A
:1050100003D1012A01D1042040E7012930D1012E1A
:105020002ED1012B2CD1012C2AD1012D28D137B919
:10503000BCF1000F24D1012A22D105202EE71FE068
:105040000044004020020020F8000020060100205B
:10505000000100200008014024302C302C302300B7
:105060000D0100200E010020BC01002004010020E1
:105070000201002084020020000020C18C000020DA
:10508000012910D1012E0ED1012B0CD1012C0AD1F6
:10509000012D08D1012F06D1BCF1000F03D1012A47
:1050A00001D10520FAE601290FD1012E0DD1012BE6
:1050B0000BD1012C09D1012D07D1012F05D1BCF154
:1050C000000F02D10AB90620E8E601290FD1012E0E
:1050D0000DD1012B0BD1012C09D1012D07D1012FAD
:1050E00005D1BCF1010F02D10AB90620D6E601298B
:1050F00009D1012B07D134B92DB9012F03D1012AD0
:1051000001D10020CAE600BFC8E670B50026002520
:10511000002071490870002408E07048005D18B94B
:1051200001206D49087003E0601CC4B2082CF4DB58
:1051300000BF6948007810B96948006870BDFFF782
:105140009BFE6749086008460068632802D008464D
:105150000068F3E700240AE06048005D28B9614870
:1051600050F824000644681CC5B2601CC4B2082C68
:10517000F2DB002D03DD96FBF5F059490860584835
:105180000068DBE72DE9F0470546FFF7BEFF06465E
:10519000304602F074FB04464F48007880B9002086
:1051A00051490860284602F06AFB07464F480168EB
:1051B000384602F06CF9064602F080FBBDE8F08745
:1051C00021464948006802F00AF947490860484901
:1051D0004548006802F0D8FB03D2454842490860C0
:1051E00008E044494048006802F0C4FB02D241484C
:1051F0003D490860284602F042FB81463B48016871
:10520000484602F044F907463B48016836480068C2
:1052100002F03DF9814639480168204602F037F92D
:105220008246494602F0DBF88046394602F0D7F85C
:10523000064602F043FBC1E770B505460C4630A1B7
:10524000284601F067FE18B92C480460012070BDA3
:105250002CA1284601F05EFE18B927480460012001
:10526000F5E729A1284601F055FE18B91F4804604A
:105270000120ECE70020EAE710B1204B1B68036037
:1052800011B11D4B1B680B6012B1184B1B681360EA
:10529000704770B540F225511C4801F09BFDC8B124
:1052A00040F22551194801F0BFFD184801F012FDE8
:1052B000C5B217480088401C84B2642C00DB00246F
:1052C00014480088844205D0134811490988455480
:1052D0000F48048070BD00000C010020F800002081
:1052E00008010020089F000810010020F4000020A1
:1052F0000000C8420000C8C2F0000020EC000020FE
:10530000544B5000544B4900544B4400004400405F
:10531000020100200401002084020020064880478A
:1053200006480047FEE7FEE7FEE7FEE7FEE7FEE78A
:10533000FEE7FEE7FEE7FEE7E7020008ED000008F3
:1053400031490143314A1160704770B50021002393
:105350000F22C47804B32D4C246804F4E064C4F52F
:10536000E064210AC1F10403CA40447804FA03F15D
:105370008478144021430901254C0678A15504780E
:1053800004F01F050124AC4005786D11AD0005F156
:10539000E025C5F8004109E0047804F01F05012468
:1053A000AC401C4D0678761145F8264070BD1A4A6F
:1053B0000A400243154B1B1F1A60704739B1134A4C
:1053C000121D12680243114B1B1D1A6006E00F4AA2
:1053D000121D126882430D4B1B1D1A607047042872
:1053E00008D14FF0E021096941F004014FF0E022BB
:1053F000116107E04FF0E021096921F004014FF04D
:10540000E0221161704700000000FA050CED00E099
:1054100000E400E080E100E080FFFF1F002044493D
:105420000860091D0860091D0860091D08604148E1
:105430003F4914310860704700213D498279002AB4
:105440003AD00A46126803689A430B461A600A1D4E
:10545000126803689A430B1D1A60027911440A68A6
:1054600003681A430A60324A0832126803689A4392
:105470002F4B08331A601A1D126803689A432C4B8D
:105480000C331A604279102A0ED11A1F1268036871
:105490001A43274B08331A601A1D126803681A430F
:1054A000234B0C331A600DE02149427911440A68FC
:1054B00003681A430A6005E0027911440A68036828
:1054C0009A430A6070470021016001710C2141710B
:1054D0000021817170471649103109680143144A4F
:1054E00010321160704701460020114A14321268D0
:1054F0000A400AB1012000E0002070470C49143135
:1055000008607047014600200022094B1B6803EA2F
:105510000102074B14331B680B4013B10AB1012081
:1055200000E0002070470249143108607047000015
:1055300000040140FFFF0F0010B50446CC48844230
:1055400008D10121042000F02DFB0021042000F0EF
:1055500029FB46E0C748844208D10121082000F019
:1055600021FB0021082000F01DFB3AE0C2488442E4
:1055700008D10121102000F015FB0021102000F0BF
:1055800011FB2EE0BD48844208D10121202000F00B
:1055900009FB0021202000F005FB22E0B8488442EE
:1055A00008D10121402000F0FDFA0021402000F048
:1055B000F9FA16E0B348844208D10121802000F0B6
:1055C000F1FA0021802000F0EDFA0AE0AE488442B2
:1055D00007D10121801500F0E5FA0021A01500F0A7
:1055E000E1FA10BD10B50121084600F0DBFA0021F8
:1055F000012000F0D7FA10BD2DE9F0410246002548
:105600000026002000230024002791F803C00CF09E
:105610000F0591F803C00CF0100CBCF1000F03D083
:1056200091F802C04CEA050591F800C0BCF1000FEA
:1056300031D0146800202BE04FF0010C0CFA00F37D
:10564000B1F800C00CEA03069E4220D183004FF05F
:105650000F0C0CFA03F7BC4305FA03FC4CEA0404F4
:1056600091F803C0BCF1280F06D14FF0010C0CFAE1
:1056700000FCC2F814C00AE091F803C0BCF1480F66
:1056800005D14FF0010C0CFA00FCC2F810C0401C10
:105690000828D1D31460B1F800C0BCF1FF0F34DD8D
:1056A000546800202EE000F1080C4FF0010808FAC1
:1056B0000CF3B1F800C00CEA03069E4221D183002E
:1056C0004FF00F0C0CFA03F7BC4305FA03FC4CEA4D
:1056D000040491F803C0BCF1280F05D100F1080CB7
:1056E00008FA0CF8C2F8148091F803C0BCF1480F16
:1056F00007D100F1080C4FF0010808FA0CF8C2F8C5
:105700001080401C0828CED35460BDE8F0814FF6CD
:10571000FF710180022181700421C170704702462F
:10572000002093680B400BB1012000E0002070477F
:105730000146886880B2704702460020D3680B405B
:105740000BB1012000E0002070470146C86880B21C
:10575000704701617047416170470AB1016100E023
:1057600041617047C16070474FF480320A438261E3
:105770008161826182698269704702460020434BE1
:1057800018684FF68073184040EA021008433F4BF8
:10579000186070473E49C8617047F0B50A4600235B
:1057A00000240021002500F00046B6F1004F02D190
:1057B000364EF16901E0354E7168C0F3034583B29E
:1057C00000F44016B6F5401F08D121F070612F4E4D
:1057D000766826F070662D4F7E6012E000F4801629
:1057E000B6F5801F06D1032606FA05F4A14341F061
:1057F000706106E0460D360103FA06F6B14341F04A
:10580000706122B1460D360103FA06F6314300F00D
:105810000046B6F1004F02D11C4EF16101E01B4E73
:105820007160F0BD30B500228B071C0F0F2303FA07
:1058300004F2164B08338C1053F824309343134C66
:1058400008348D1044F8253023468C1053F824304A
:105850008C07240F00FA04F423430C4C08348D10F9
:1058600044F8253030BD0A49DC310860704700003B
:1058700000080140000C01400010014000140140EC
:1058800000180140001C01400020014000000140C0
:1058900000002042DF48006840F00100DD49086058
:1058A00008464068DC490840DA4948600846006814
:1058B000DA490840D74908600846006820F480208B
:1058C00008600846406820F4FE0048604FF41F005E
:1058D00088607047CF49096821F48031CD4A116052
:1058E0001146096821F480211160B0F5803F03D092
:1058F000B0F5802F0ED106E0C649096841F4803129
:10590000C44A116007E0C349096841F4A021C14AB3
:10591000116000E000BF00BF704710B501460022D3
:10592000002300204A11012A02D1BA4C236806E064
:10593000022A02D1B74C236A01E0B64C636A01F037
:105940001F02012494401C400CB1012000E0002003
:1059500010BD38B5002000900024002500BF312084
:10596000FFF7DBFF05460098401C00900098B0F55B
:10597000A06F01D0002DF2D03120FFF7CEFF08B18B
:10598000012400E00024204638BD01460020A14A41
:10599000106820F0F80040EAC10010607047A0498C
:1059A00008607047024600209A4B586820F47C102B
:1059B00042EA01031843974B5860704798490866BC
:1059C000704701460020934A506820F003000843C6
:1059D000506070478F48406800F00C0070470146E7
:1059E00000208C4A506820F0F00008435060704757
:1059F00001460020874A506820F4E0600843506068
:105A0000704701460020834A506820F4605040EA05
:105A1000C1005060704729B17E4A527A02437D4BE3
:105A20005A7204E07B4A527A82437A4B5A72704728
:105A30007B49D8310860704701460020754A50689C
:105A400020F440400843506070470021714A2032E2
:105A50001170704A82F82010012802D004280AD15F
:105A600004E001216B4A2032117005E00521694AEA
:105A70002032117000E000BF00BF70476949086024
:105A800070476449096A0143624A11627047654977
:105A900044390860704730B50021002200240023FB
:105AA0005C4D6D6805F00C0121B1042905D0082971
:105AB00023D105E05C4D056022E05B4D05601FE0F1
:105AC000544D6D6805F47012524D6D6805F48034C4
:105AD000022505EB92421CB9544D554305600BE07D
:105AE0004C4D6D6805F400351DB1504D55430560B2
:105AF00002E04D4D5543056002E04B4D056000BF8F
:105B000000BF444D6D6805F0F0010909484D6B5C1C
:105B10000568DD4045603F4D6D6805F4E061090AA8
:105B2000434D6B5C4568DD4085603A4D6D6805F41A
:105B30006051C90A3E4D6B5C4568DD40C560354D1E
:105B40006D6805F44041890B3A4D6B5CC568B5FB47
:105B5000F3F5056130BD29B12E4A526902432D4B40
:105B60005A6104E02B4A526982432A4B5A617047BA
:105B700029B1284A92690243264B9A6104E0254ADA
:105B800092698243234B9A61704729B1214AD269B5
:105B90000243204BDA6104E01E4AD26982431D4B66
:105BA000DA61704729B11B4AD2680243194BDA60A7
:105BB00004E0184AD2688243164BDA60704729B174
:105BC000144A12690243134B1A6104E0114A126924
:105BD0008243104B1A617047124940390860704780
:105BE0000F49C86470470B49C87170470948406A3B
:105BF00040F0807007494862704701460020054A1E
:105C000092680A400AB1012000E000207047014973
:105C100088727047001002400000FFF8FFFFF6FE98
:105C2000000042428004424200127A0000093D0016
:105C3000140100202401002010B50446FE488442CF
:105C400008D10121C014FFF7ADFF0021E014FFF7D8
:105C5000A9FFC4E0B4F1804F08D101210846FFF745
:105C6000AEFF00210120FFF7AAFFB8E0F34884420D
:105C700008D101210220FFF7A2FF00210220FFF737
:105C80009EFFACE0EE48844208D101210420FFF7DA
:105C900096FF00210420FFF792FFA0E0E94884422C
:105CA00008D101210820FFF78AFF00210820FFF713
:105CB00086FF94E0E448844208D101211020FFF7D8
:105CC0007EFF00211020FFF77AFF88E0DF48844242
:105CD00008D101212020FFF772FF00212020FFF7CB
:105CE0006EFF7CE0DA48844208D101214014FFF7BE
:105CF00059FF00216014FFF755FF70E0D54884423A
:105D000009D10121C804FFF74DFF00214FF4002005
:105D1000FFF748FF63E0D048844209D1012108051C
:105D2000FFF740FF00214FF48010FFF73BFF56E0E4
:105D3000CA48844209D101214805FFF733FF0021F9
:105D40004FF40010FFF72EFF49E0C548844208D108
:105D500001214020FFF733FF00214020FFF72FFFF4
:105D60003DE0C048844208D101218020FFF727FF91
:105D700000218020FFF723FF31E0BB48844208D197
:105D800001218015FFF71BFF0021A015FFF717FF6A
:105D900025E0B648844209D101210804FFF702FF3B
:105DA00000214FF48030FFF7FDFE18E0B048844238
:105DB00009D101214804FFF7F5FE00214FF400301E
:105DC000FFF7F0FE0BE0AB48844208D101218804C4
:105DD000FFF7E8FE00214FF48020FFF7E3FE10BD3F
:105DE00000220288944B98420ED0994B98420BD0D7
:105DF000B0F1804F08D0914B984205D0904B98421B
:105E000002D0904B984204D14FF68F731A404B88C2
:105E10001A438D4B984207D08C4B984204D04FF6D2
:105E2000FF431A40CB881A4302808B8883850B88F6
:105E30000385814B98420BD0854B984208D08B4B01
:105E4000984205D08A4B984202D08A4B984201D1A1
:105E50000B7A038601238382704770B500240022E9
:105E60000023058C4FF6FE7635400584028C83882E
:105E7000048B4FF68F752C40B51E2C400D882C439B
:105E8000751E2A400D892A434D882A436A4DA8422F
:105E90000BD06F4DA84208D0744DA84205D0744D68
:105EA000A84202D0734DA84213D14FF6F7752A408D
:105EB0004D892A434FF6FB752A408D882A434FF6B9
:105EC000FF652B404FF6FF552B408D892B43CD8925
:105ED0002B4383800483CD888586028470BD70B592
:105EE000002400220023058C4FF6EF763540058410
:105EF000028C8388048B48F6FF752C404FF6FF45D3
:105F00002C400D884FF6FF7606EA05252C434FF608
:105F1000DF752A400D8906EA05152A434D8806EAF1
:105F200005152A43444DA84202D0494DA8421DD12F
:105F30004FF67F752A404D894FF6FF7606EA051524
:105F40002A434FF6BF752A408D8806EA05152A4375
:105F50004FF6FF352B404FF2FF752B408D8906EA37
:105F600085052B43CD8906EA85052B438380048371
:105F7000CD880587028470BD70B5002400220023FF
:105F8000058C4FF6FF6635400584028C8388848B30
:105F90004FF68F752C404FF6FC752C400D882C4326
:105FA0004FF6FF552A400D894FF6FF7606EA052584
:105FB0002A434D8806EA05252A431F4DA84202D0F0
:105FC000234DA8421DD14FF2FF752A404D894FF64F
:105FD000FF7606EA05252A434FF6FF352A408D88CD
:105FE00006EA05252A434EF6FF752B404DF6FF7550
:105FF0002B408D8906EA05152B43CD8906EA051548
:106000002B4383808483CD888587028470BD70B5DF
:10601000002200230024058C4EF6FF7635400584CF
:10602000038C8488828B48F6FF752A404FF6FF4523
:106030002A400D8820E00000002C014000040040B0
:1060400000080040000C0040001000400014004018
:1060500000340140004C0140005001400054014018
:1060600000180040001C004000200040004001409B
:1060700000440140004801404FF6FF7606EA05253E
:106080002A434DF6FF752B400D8906EA05352B4353
:106090004D8806EA05352B43FA4DA84202D0FA4D49
:1060A000A84208D14BF6FF752C408D894FF6FF763C
:1060B00006EA85152C4384808283CD88A0F8405061
:1060C000038470BD828B4FF2FF331A408283828B30
:1060D0004FF6FF7303EA01231A4382837047F0B53A
:1060E0000C461546002200210026078C4EF6FF7C48
:1060F00007EA0C070784828B018C4FF6FF7707EACB
:10610000043640F6FF473A404FF6FF7707EA052787
:106110003A434FF6FF7707EA03373A43D94FB8427D
:106120000ED0D94FB8420BD0B0F1804F08D0D74F26
:10613000B84205D0D64FB84202D0D64FB84206D1A9
:106140004DF6FF77394046F48057394305E047F66E
:10615000FF57394044F48057394382830184F0BDAE
:10616000828B4FF6F3731A408283828B0A438283B9
:106170007047F0B50C461546002200210026078C1A
:106180004FF6FF6C07EA0C070784828B018C4FF6F1
:10619000FF7707EA04264FF60C773A404FF6FF7771
:1061A00007EA03172F433A43B64FB8420ED0B64F13
:1061B000B8420BD0B0F1804F08D0B44FB84205D0F0
:1061C000B34FB84202D0B34FB84206D14FF6FF5793
:1061D000394046F48077394305E04FF2FF573940A4
:1061E00044F48077394382830184F0BD028B4FF2FF
:1061F000FF331A400283028B4FF6FF7303EA012339
:106200001A4302837047F0B50C4615460022002160
:106210000026078C4FF6EF7C07EA0C070784028BF9
:10622000018C4FF6FF7707EA041640F6FF473A4025
:106230004FF6FF7707EA03373A434FF6FF7707EA4F
:1062400005273A438F4FB8420ED08F4FB8420BD03C
:10625000B0F1804F08D08D4FB84205D08C4FB84276
:1062600002D08C4FB84206D14FF6DF77394046F066
:106270001007394305E04FF65F77394044F01007C7
:10628000394302830184F0BD028B4FF6F3731A4049
:106290000283028B0A4302837047F0B50C46154611
:1062A00000220021068C4FF6FE773E400684028BCA
:1062B000018C4FF60C7632407E1C06EA03162E4304
:1062C0003243704EB0420ED06F4EB0420BD0B0F1A0
:1062D000804F08D06D4EB04205D06D4EB04202D016
:1062E0006C4EB04206D14FF6FD76314044F00106C7
:1062F000314305E04FF6F576314044F00106314375
:1063000002830184F0BD70B505460C465D488542A8
:106310000ED05D4885420BD0B5F1804F08D05B4868
:10632000854205D05A48854202D05A48854200D15C
:1063300000E000BF208850B92389A28861882846E0
:10634000FFF7ABFFE1882846FFF79EFF25E0208896
:1063500004280AD12389A28861882846FFF753FFC1
:10636000E1882846FFF742FF17E0208808280AD175
:106370002389A28861882846FFF7FBFEE18828462A
:10638000FFF7EEFE09E02389A28861882846FFF71F
:10639000A6FEE1882846FFF795FE70BD2DE9F04185
:1063A00005460C4600260127608808B9022600E051
:1063B0000026A088012801D1022700E001272088BB
:1063C000A0B92389A28861882846FFF766FFE18883
:1063D0002846FFF759FF23893A4631462846FFF7FA
:1063E00012FFE1882846FFF701FF13E02389A28806
:1063F00061882846FFF707FFE1882846FFF7F6FE89
:1064000023893A4631462846FFF747FFE188284668
:10641000FFF73AFFBDE8F0810A884B881A438B8862
:106420001A43CB881A430B891A434B891A438B8929
:106430001A43A0F8442070474FF6FF718180002175
:106440000180C1804180017270470021018041803C
:106450008180C180018141818181C181704700219A
:1064600001804180012181800021C180018170472C
:106470000021018041808180C18001814181818131
:1064800070470000002C014000340140000400402F
:1064900000080040000C004021B1028842F00102D7
:1064A000028004E002884FF6FE731A4002807047B3
:1064B00031B1B0F8442042F40042A0F8442005E095
:1064C000B0F84420C2F30E02A0F8442070471AB17D
:1064D00083890B43838102E083898B4383817047E7
:1064E0008182704741EA0203A0F8483070471AB130
:1064F00083890B43838102E083898B4383817047C7
:1065000001894FF6F8721140018170470A46002157
:1065100001894FF68F73194011430181704730B5DF
:1065200004460D4629462046FFF7F0FF208940F03B
:106530000700208130BD2DE9F04104460D46164686
:106540001F46602D06D13B46012231462046FFF70B
:106550005AFE05E03B46012231462046FFF79DFEEC
:1065600029462046FFF7D2FF208940F0070020810E
:10657000BDE8F08130B50C4600210189C9B24FF663
:10658000FF7505EA0325154325432943018130BDE5
:106590002DE9F04105460E4617469846002443462D
:1065A0003A4631462846FFF7E5FF2C894FF6F8704A
:1065B000044044F007044FF68F70044044F0700428
:1065C0002C81BDE8F081F0B504460D4616461F4605
:1065D0003B46324629462046FFF7CCFF208940F44F
:1065E00080402081F0BD0185828270470A460021EB
:1065F00001884FF68F731940114301807047F0B541
:106600000C4615461E460021002200230189028BFC
:10661000038C4FF6F877394021434FF6FC473A4058
:1066200040F201173A434FF6DD773B404FF6FF77D4
:1066300007EA06172F433B43018102830384F0BD21
:106640000A460021018B4FF68F73194011430183D5
:1066500070470A460021018B48F6FF7319404FF638
:10666000FF7303EA02231943018370470A4600219E
:10667000818B4FF68F7319401143818370470A460F
:106680000021818B48F6FF7319404FF6FF7303EA30
:10669000022319438183704721B1028842F08002AE
:1066A000028004E002884FF67F731A400280704730
:1066B00021B1828842F00402828004E082884FF691
:1066C000FB731A408280704721B1828842F0080231
:1066D000828004E082884FF6F7731A408280704708
:1066E00021B1828842F00102828004E082884FF664
:1066F000FE731A40828070470A460021018B4FF6D4
:10670000F77319401143018370470A460021018B3A
:106710004FF2FF7319404FF6FF7303EA0223194348
:10672000018370470A460021818B4FF6F7731940A9
:106730001143818370470A460021818B4FF2FF731A
:1067400019404FF6FF7303EA022319438183704710
:106750000A460021018B4FF6FB7319401143018358
:1067600070470A460021018B4FF6FF3319404FF660
:10677000FF7303EA02231943018370470A4600218D
:10678000818B4FF6FB7319401143818370470A4692
:106790000021818B4FF6FF3319404FF6FF7303EA58
:1067A00002231943818370470A460021018B4FF66B
:1067B0007F7319401143018370470A460021018B02
:1067C000C1F30E014FF6FF7303EA0223194301835D
:1067D00070470A460021818B4FF67F7319401143A1
:1067E000818370470A460021818BC1F30E014FF669
:1067F000FF7303EA02231943818370470A4600218D
:10680000018C4FF6FD7319401143018470470A460D
:106810000021018C4FF6F773194011430184704732
:106820000A460021018C4FF6DF7319404FF6FF73C3
:1068300003EA02131943018470470A460021018CC0
:106840004FF67F7319404FF6FF7303EA02131943A3
:10685000018470470A460021018C4FF6FF5319400E
:106860004FF6FF7303EA02231943018470470A4677
:106870000021018C4FF2FF7319404FF6FF7303EABA
:1068800002231943018470470A460021018C4DF60A
:10689000FF7319404FF6FF7303EA02331943018473
:1068A000704730B5002301248C40A3B2048C9C4374
:1068B0000484048C02FA01F5ADB22C43048430BD8B
:1068C00030B5002304248C40A3B2048C9C43048480
:1068D000048C02FA01F5ADB22C43048430BD70B5CE
:1068E0000346002000241846183001258D40ACB224
:1068F0001D8CA5431D8409B1082909D100EB610055
:10690000056825F0700505600568154305600EE013
:106910000D1FC5F34E052844056825F4E0450560C4
:1069200005684FF6FF7606EA02263543056070BD1E
:1069300021B1028842F00202028004E002884FF690
:10694000FD731A400280704721B1028842F00402B0
:10695000028004E002884FF6FB731A400280704701
:1069600021B1828842F08002828004E082884FF662
:106970007F731A408280704702884FF6F7731A407F
:10698000028002880A430280704782884FF68F7324
:106990001A40828082880A438280704702894FF6BB
:1069A000F8731A40028102890A4302817047028902
:1069B0004FF67F731A40028102890A4302817047B1
:1069C0008184704781857047818670470187704751
:1069D00081877047A0F84010704702884FF6FF4348
:1069E0001A40028002880A43028070470146888E5E
:1069F00070470146088F70470146888F70470146EF
:106A0000B1F8400070470146888C70470146088DF8
:106A1000704702460020138A0B400BB1012000E0B2
:106A200000207047CA430282704730B502460020FA
:106A300000230024158A05EA0103958905EA01046B
:106A400013B10CB1012000E0002030BDCA43028226
:106A50007047000010B50446FB48844209D101216B
:106A60008803FFF79FF800214FF48040FFF79AF862
:106A700032E0F648844209D101214804FFF79FF82B
:106A800000214FF40030FFF79AF825E0F0488442E7
:106A900009D101218804FFF792F800214FF48020EA
:106AA000FFF78DF818E0EB48844209D10121C804B2
:106AB000FFF785F800214FF40020FFF780F80BE086
:106AC000E548844208D101210805FFF778F8002144
:106AD0004FF48010FFF773F810BD2DE9F04786B032
:106AE00005460E460024A24600BFA1460027B089F5
:106AF00000B100BF2F462C8A4CF6FF700440F0888E
:106B000004432C82AC894EF6F3100440B0883189DE
:106B10000843718908430443AC81AC8A4FF6FF40B7
:106B20000440B0890443AC8201A8FEF7B4FFC64814
:106B3000874202D1DDF810A001E0DDF80CA0A889A1
:106B400000F4004040B10AEBCA0000EB0A103168C3
:106B50004900B0FBF1F807E00AEBCA0000EB0A10AD
:106B600031688900B0FBF1F86420B8FBF0F0040153
:106B70002009642101FB1089A88900F4004040B17C
:106B8000322000EBC900B0FBF1F000F00700044335
:106B900008E0322000EB09106421B0FBF1F000F0B6
:106BA0000F0004432C8106B0BDE8F0874FF4165166
:106BB000016000218180C18001810C21418100217F
:106BC0008181704710B502460020108A4FF2FF0302
:106BD00018400B884C8823438C882343CC8823435C
:106BE0001843108210BD0021018041808180C18046
:106BF000704721B1828942F40052828104E0828987
:106C00004DF6FF731A4082817047F0B503460024A9
:106C100000260025002040F66A17B94200D100BFC7
:106C20001846C1F3421401F01F06012707FA06F5C2
:106C3000012C01D10C3004E0022C01D1103000E015
:106C400014301AB107682F43076002E00768AF43AA
:106C50000760F0BD1AB1838A0B43838202E0838A06
:106C60008B4383827047028A4FF6F0731A40028288
:106C7000028A0A430282704782894FF2FF731A40E8
:106C8000828182890A438281704721B1828942F0E0
:106C90000202828104E082894FF6FD731A408281EC
:106CA0007047028A4FF6DF731A400282028A0A4353
:106CB0000282704721B1028A42F48042028204E0DB
:106CC000028A4BF6FF731A4002827047C1F3080232
:106CD0008280704701468888C0F308007047818928
:106CE00041F0010181817047028BD2B20283028B95
:106CF00042EA012202837047028B02F47F42028340
:106D0000028B0A430283704721B1828A42F020023B
:106D1000828204E0828A4FF6DF731A4082827047D3
:106D200021B1828A42F01002828204E0828A4FF608
:106D3000EF731A408282704721B1828A42F00802C2
:106D4000828204E0828A4FF6F7731A40828270478B
:106D500021B1828942F40042828103E08289C2F338
:106D60000E028281704721B1828A42F400628282DF
:106D700004E0828A4FF2FF731A4082827047828A4F
:106D80004FF6FB731A408282828A0A4382827047DE
:106D900021B1828A42F00202828204E0828A4FF6A6
:106DA000FD731A408282704702460020B1F5007FD1
:106DB00000D100BF13880B400BB1012000E0002080
:106DC000704701F40072B2F5007F00D100BFCA43E2
:106DD0000280704770B50246002400230025002081
:106DE00040F66A16B14200D100BFC1F3421501F06E
:106DF0001F03012606FA03F3012D02D196893340C1
:106E000006E0022D02D1168A334001E0968A334013
:106E10000C12012606FA04F41688344013B10CB1A2
:106E2000012000E0002070BD10B50022002340F6D4
:106E30006A14A14200D100BF0A1201249440A3B2F7
:106E4000DC43048010BD00000038014000440040D5
:106E500000480040004C0040005000402DE9F04147
:106E60000024061B254671F1000605DA01240027DF
:106E7000D0EB070067EB0101161E73F1000605DA7F
:106E80000027D2EB0702012567EB030300F09CFD0E
:106E900086460E4617469C46AC4204D00025D0EBF1
:106EA000050E65EB010624B10020D2EB000760EB74
:106EB000030C704631463A466346BDE8F08140EA2D
:106EC00001039B0703D009E008C9121F08C0042A68
:106ED000FAD203E011F8013B00F8013B521EF9D24F
:106EE0007047D2B201E000F8012B491EFBD2704777
:106EF0000022F6E710B513460A4604461946FFF786
:106F0000F0FF204610BD421C10F8011B0029FBD1E8
:106F1000801A704710B5002200E0521C835C8C5C24
:106F2000A34201D1002BF8D1D8B2E1B2401A10BD72
:106F300030B504460020034600E05B1C934203D2B8
:106F4000E05CCD5C401BF8D030BD00000FB400B554
:106F50008DB010A909900B9000914FF0FF300A906E
:106F600000200C9005480690054807906A4609A83D
:106F70000F9900F091FD0DB05DF814FBB57A000893
:106F8000D37A00082DE9FF5FD2E901A74FF000088E
:106F9000916999461446DDF838B04646019888470D
:106FA000054659EA0B0005D009E0A169761C019855
:106FB00088470546216A284688470028F5D1681C7D
:106FC00003D05FEACA7005D015E04FF0FF3004B07F
:106FD000BDE8F09F2068011D2160D0F800800AE024
:106FE0005FEACA7001D108F8015BA169761C7F1EB7
:106FF000019888470546002F1ADD681C18D0B9F1A2
:10700000000F0DD0E81705EBD060421120F01F00F3
:1070100059F822102A1A012090400142E0D107E0DD
:10702000BBF1000FDCD1216A284688470028D7D061
:10703000E16901988847BBF1000F07D1002E05DDFB
:107040005FEACA7002D1002188F80010A068B84237
:1070500003DDBBF1000F03D017B16FF00100B6E7FD
:107060003046B4E72DE9FF4F087883B09946FF28F2
:1070700005D0491C2D2804D00024002008E0002061
:107080000BE00124F9E700EB800003EB4000491C12
:107090000B78FF2BF7D104B1404200230293147800
:1070A00019461D462D2C01D02B2C04D1521C2D2C01
:1070B00013D000240294AA461478FF2C0FD00A257E
:1070C000A3FB057801FB05814FF0000C03FB0C11BD
:1070D000521CE3194AEB0101EEE70124EAE781447F
:1070E00053EA010002D019F5C87F06DA039800219F
:1070F000C0E9001107B0BDE8F08F0025AE4E2F4665
:10710000DFF8B882184600F0D8FDCDE90001B9F1EA
:10711000000002DAC9F1000400E004460023A74A97
:107120001AEB030B42EB045A12E0E00707D02A46A1
:1071300033463846414600F0C1FA074688462A469B
:1071400033461046194600F0B9FA05460E4664105B
:10715000002CEAD1DDE90001B9F1000F5A4653468F
:1071600006DA00F01DFB3A46434600F019FB05E045
:1071700000F0A4FA3A46434600F0A0FA029A0AB197
:1071800081F00041039AC2E90001B3E72DE9FF4F06
:107190001F468DB0D7E901464FF0FF382E204546F7
:1071A0004FF000090B90B9696D1C0E988847396A39
:1071B000824688470028F6D1BAF1FF3F0AD024F46E
:1071C000D064002E11DDBAF12B0F08D0BAF12D0FCB
:1071D0000BD102E0404611B08DE744F48064B969F8
:1071E0006D1C0E9888478246761E6946600501D55B
:1071F0002D2000E02B208DF8000001F1010B0DF196
:10720000200809E0B9696D1C0E98884782460F98DE
:1072100044F40074761E0560002E02DDBAF1300FD2
:10722000F0D00B998A453ED144F0800406E00F99D6
:10723000681CA9F1010944F400740860B9696D1C67
:10724000761E0E98884782463028F0D02BE00B99A6
:107250008A4505D1200603D444F08004761E18E048
:10726000504601F05FF908B30DF11301761E44F4A6
:1072700000748B4508D2AAF130000BF8010B2006F0
:1072800007D5A9F1010003E0200602D409F10100AD
:107290008146A00502D50F99681C0860B9696D1C6C
:1072A0000E9888478246002ED1DC53E0002E51DD37
:1072B000BAF1650F02D0BAF1450F4BD1A00549D5FF
:1072C000B9696D1C24F44074761E0E988847824676
:1072D000002E0CDD2B2804D0BAF12D0F07D144F479
:1072E0008074B9696D1C0E9888478246761EE00549
:1072F00001D52D2100E02B2108F8011BCDF82C80B1
:1073000021E00DF12901761E44F4007488450CD269
:10731000AAF1300010F0FF0088F8000002D10B99AC
:10732000884509D908F1010806E0E00501D524489F
:1073300001E042F20F708146B9696D1C0E988847D2
:1073400082460F980560002E04DD504601F0EAF8F1
:107350000028D6D1F9690E988847FF208BF80000E5
:1073600088F800000020069007904B466A4608A95E
:1073700006A8FFF777FEA00502D46FF001002AE708
:1073800014F0240F0AD0E00714D1DDE906123868A2
:10739000031D3B600068C0E900120BE0DDE9060157
:1073A00000F0CCFA0146E00704D13868021D3A60CB
:1073B0000068016028460EE7000014400000F03F1E
:1073C000F1D8FFFF70B5064600F068FF0468054677
:1073D0000A220021304600F08DFB2C6070BDF0B415
:1073E00080EA0102D40F4200B2EB410F02D2024602
:1073F000084611464A0042D0C30DDDB2C1F3C75260
:10740000AD1A202D35DAC1F3160141F4000204B1A2
:107410005242C5F1200602FA06F12A411044B3EBAC
:10742000D05F23D0C4B1012DA0EBC35009DCF0BC68
:107430004FF0004202EAC352DBB200F5000000F058
:107440009ABB400000F1807000EBC350A0F1807047
:1074500040EAD170490009E0490841EAC071A0EB57
:10746000C35000F50000400800EBC350F0BC00F032
:1074700079BB6142012202EB4101001BF6E7F0BC3F
:10748000704781F00041AAE780F00040A7E780EA5A
:10749000010210B502F00043400022D04A001FD084
:1074A000010E01EB1261C0F35600C2F3560240F424
:1074B000000042F40002A0FB022000047F39140403
:1074C00000D0401C50EA124001D44000491EC2B214
:1074D0000C0604EBD010401C4008802A02D003E0C8
:1074E000002010BD20F00100002900DA0020184320
:1074F00010BD30B480EA010202F0004530F00042D5
:1075000021F0004013D090B1C30DD40DC2F3160189
:10751000C0F31600E41A41F4000140F400027D3487
:10752000914201D3641C00E04900002C02DA30BC17
:10753000002070474FF400000023914201D3891AC4
:10754000034340084FEA4101F7D151B1914202D1C2
:107550004FF0004105E002D24FF0010101E06FF071
:10756000010103EBC450284430BC00F0FBBA2DE904
:10757000FE4F804681EA0300C00F0C46009021F0C8
:10758000004123F00045B8EB0200A94105D2404676
:10759000214690461C460B46024623F0004010430D
:1075A00047D0270DC7F30A00C3F30A510290401ACF
:1075B000019040286BDAC3F3130040F4801B00985D
:1075C000924620B10023D2EB030A63EB0B0B019828
:1075D0005946C0F14002504600F027FA06460D46D3
:1075E00050465946019A00F03FFA10EB08006141FD
:1075F000002487EA115284EAE7731A4340D0009AC4
:1076000062B3019A012A4FEA075215DC001B61EBB5
:1076100002014FF0004202EA0752CDE90042001C8D
:1076200041F5801132462B4600F0E2FA03B0BDE886
:10763000F08F40462146F9E7001B61EB0201001C78
:1076400041F5801300185B412018A2F5001747EBA5
:10765000030140EAD570B6196D4111E06D084FEA9B
:10766000360645EAC0754FEA0752001B61EB02017E
:10767000001C41F5801149084FEA300000195141C2
:1076800032462B4603B0BDE8F04F00F0A2BA009896
:10769000012240000023D0EB020263EBE07300986C
:1076A00021464FEAE074B8EB000061EB0401E9E722
:1076B00083F000435BE781F0004158E72DE9FE4F7E
:1076C00081EA030404F0004421F0004100944FF0EB
:1076D000000B23F0004350EA01045ED052EA030499
:1076E0005BD0C3F30A54C1F30A552C44A4F2F3341B
:1076F0000194A0FB0254C1F3130141F48011C3F3C0
:10770000130343F4801301FB024400FB034E840A7D
:10771000970A44EA815447EA8357A4FB0768029515
:107720008D0A05FB07854FEA932C04FB0C542705B3
:10773000029D4FEA065847EA1637B5EB08056EEB8F
:10774000070C870E920E47EA811742EA8312A7FBC5
:107750000201B6EB0B0164EB00042B0D43EA0C3382
:107760005E1844EB1C50DA465146E7FB0201C5F3B4
:1077700013044FEA0B3343EA14534FEA0432019CDB
:1077800043EA0603A4F10C040294009CCDE900B482
:1077900000F02EFA03B0BDE8F08F00200146F9E7B3
:1077A0002DE9F04D81EA030404F0004B21F000457F
:1077B00014464FF0000A23F0004150EA050220D0A1
:1077C00054EA01021DD0C5F30A570246C5F313035C
:1077D000C1F31300C1F30A5640F4801543F480133B
:1077E000A7EB0608101BD64608F2FD3873EB050020
:1077F00002D308F1010801E092185B41B8F1000FD3
:1078000003DA00200146BDE8F08D00204FF480111E
:10781000064684460EE0171B73EB050705D3121BC3
:1078200063EB050306434CEA010C49084FEA3000BC
:1078300092185B4150EA0107EDD152EA030012D0E1
:1078400082EA040083EA0501084305D0101BAB411E
:1078500006D20122002306E000224FF0004302E09E
:107860006FF0010253101AEB06004CEB085110EBBD
:107870000A0041EB0B01BDE8F04D00F0AAB9C10FC1
:1078800080EAE0700844CA079623002100F073B92B
:1078900096230022114600F06EB90EB5C10F80EAA2
:1078A000E0700844CA07002140F233438DE80E001F
:1078B0000A460B4600F09CF903B000BD00F0004200
:1078C00020F00040C10DC0F3160040F400007F29F5
:1078D00001DA00207047962903DCC1F19601C84007
:1078E00001E096398840002AF4D04042704720F0E9
:1078F0000040C10DC0F3160040F400007F2901DAFA
:1079000000207047962903DCC1F19601C8407047FA
:1079100096398840704700F0004230F000400AD0AD
:10792000C10D01F56071C0F3160042EA0151C208B1
:1079300040071143704700200146704701F00043A3
:1079400030B421F0004150EA010206D00A0DA2F540
:107950006072C1F31301002A02DC30BC00207047C2
:10796000440F44EAC104C100E01830BC00EBC2502F
:1079700000F0F8B8002801DBC0F10040002901DB6D
:10798000C1F1004181427047002801DBC0F1004095
:10799000002901DBC1F100418842704730B50B4638
:1079A000014600202022012409E021FA02F59D422F
:1079B00005D303FA02F5491B04FA02F52844151E03
:1079C000A2F10102F1DC30BD2DE9F05F0546002097
:1079D00092469B4688460646814640241BE0284640
:1079E00041464746224600F02FF853465A46C01AF1
:1079F000914110D311461846224600F016F82D1A70
:107A000067EB01084F4622460120002100F00DF8E7
:107A100017EB00094E41201EA4F10104DFDC4846AB
:107A200031462A464346BDE8F09F202A04DB203A2F
:107A300000FA02F1002070479140C2F1200320FAC1
:107A400003F3194390407047202A04DB203A21FABF
:107A500002F00021704721FA02F3D040C2F1200267
:107A60009140084319467047202A06DBCB17203A7D
:107A700041FA02F043EAE07306E041FA02F3D04033
:107A8000C2F1200291400843194670470268114430
:107A90001378016018467047D16004495161044968
:107AA000116200211161114600F064B98D7A00085D
:107AB000617D0008426842B1016811F8013B23B1C1
:107AC000521EC0E90012184670470121C160881E8D
:107AD000704742685AB1C368016843B983688B42F2
:107AE00005D0491E521CC0E90012002070474FF01B
:107AF000FF3070472DE9F04791460F468046044617
:107B0000002614F8015B2DB100F026F90068405DF5
:107B1000C007F6D12B2D02D02D2D18D0641E4A4659
:107B20003946204600F0BCFA27B13968A14201D19C
:107B3000C7F8008071054FF002040BD540420028C1
:107B400003DD00F0ABFB0460A007BDE8F08746F45E
:107B50008066E4E70028F8DA00F0A0FB04606FF02C
:107B60000040F2E70029A8BF7047401C490008BF49
:107B700020F00100704710B4B0FA80FC00FA0CF05D
:107B800050EA010404BF10BC704749B1CCF1200495
:107B900021FA04F411FA0CF118BF01212143084322
:107BA000A3EB0C01CB1D4FEA00614FEA102042BF4E
:107BB000002010BC704700EBC35010440029A4BF44
:107BC00010BC7047401C490008BF20F0010010BCE9
:107BD000704710B5141E73F1000408DA401C41F11F
:107BE000000192185B411A4301D120F0010010BD41
:107BF0002DE9F04D92469B4611B1B1FA81F202E0B7
:107C0000B0FA80F220329046FFF70FFF04460F468D
:107C100040EA0A0041EA0B0153465A46084313D092
:107C2000114653EA010019D0C8F140025046FFF74F
:107C30000BFF05460E46504659464246FFF7F5FEF5
:107C4000084305D0012004E020463946BDE8F08D08
:107C50000020054346EAE0762C4337430A98630543
:107C6000E40AA0EB08000022FD0A44EA47540A3067
:107C700002D500200146E9E7010510196941DDE957
:107C8000084500196941BDE8F04DA2E770B521F043
:107C9000004303430CD0C1F30A550024D5EB04057F
:107CA00064EB0403D617AD1AB34102DB0020014692
:107CB00070BD201841EB025170BD0EB540F2334249
:107CC00002920022CDE900221346FFF791FF03B094
:107CD00000BDC1F30A52C1F3130140F2FF3341F476
:107CE00080119A4202DA00200146704740F2334385
:107CF0009A42A2F2334202DC5242FFF7A5BEFFF7DE
:107D000094BE000030B5041E71F1000404DB4FF096
:107D10000044404264EB0101141E73F1000405DBD2
:107D20001C464FF00043524263EB0403994208BFE4
:107D3000904230BD064C074D06E0E06840F001037C
:107D400094E8070098471034AC42F6D3F8F7D2F91C
:107D5000E8A1000808A20008004870479CA000089D
:107D600010B50446FFF7F8FF0068005D00F0010061
:107D700010BD00002DE9F34F8BB04FF0000801F16A
:107D80000C000C464FF0010B46460DF1080A01901D
:107D90006269012101989047051E2DD0252D2CD018
:107DA000216A8847C0B16269012101989047216A20
:107DB00088470028F7D1411E62690198904700E08A
:107DC000761CA1690B988847216A88470028F7D15B
:107DD000E1690B988847DBE7A1690B98884707465C
:107DE000A84201D1761CD3E7E1690B9888477F1C34
:107DF00002D1B8F1000F6FD046E1002762693D461D
:107E00003946019890472A2804D1626901210198D6
:107E100090470125DFF8849262690121019890471B
:107E2000A0F130010A290AD24F45E5DC07EB8701B2
:107E300000EB4107303FDFD445F01005ECE7E906E1
:107E400001D46FF000476C280AD04C2814D0682861
:107E500015D06A280DD074281CD07A281AD01DE0BD
:107E600062690121019890476C2802D045F0040511
:107E700014E045F002050DE045F020050AE06269D6
:107E8000012101989047682802D045F0080505E0D7
:107E900045F400656269012101989047C4E90157E2
:107EA00065283DD019DC58287AD00CDC452837D01D
:107EB00004DC252826D0412831D131E046282FD0B6
:107EC00047282CD12CE05B2877D0612828D0632864
:107ED0007CD0642823D15AE0D0E06F2848D008DC59
:107EE00066281DD067281BD0692821D06E2816D19E
:107EF00027E0702845D0732868D0752847D07828A7
:107F00000DD14DE0A1690B988847054625283FF41F
:107F100069AFE1690B9888476D1C3FF46AAFB3E025
:107F200023466A466FF001000B99FFF72FF99EE098
:107F300045F040006060A80723464FF0000236D4A9
:107F40003EE0E8077FF447AF2068011D216000682C
:107F5000290501D506701BE7290701D5068017E71B
:107F6000A90703D5F117C0E9006111E706600FE723
:107F700045F040006060A80723464FF0080216D481
:107F80001EE040F60E0125EA0100606016E045F0B3
:107F900040006060A80723464FF00A0207D40FE0B4
:107FA00045F040006060A80708D5234610226FF016
:107FB00001000B99AFF3008059E007E0234610223F
:107FC0006FF001000B99AFF3008050E04FF0000913
:107FD0004F464B46632802D05B2806D040E0E806B7
:107FE00001D40120A06001273AE0626901210198D3
:107FF00090475E2805D14FF0010962694946019812
:108000009047216939B900210A46534643F8212097
:10801000491C0829FADBB0B3216969B9C11700EB23
:10802000D16253110AEB830122F01F02821A012050
:108030000B68904003430B606269012101989047EF
:108040005D28E8D1B9F1000F09D00020514651F860
:108050002020D24341F82020401C0828F7DB02AB47
:10806000224600976FF001000B99FEF78BFF002866
:108070000CDA401C08D1BBF1000F05D04FF0FF30E7
:108080000DB0BDE8F08FFFE74046F9E7E90701D101
:1080900008F1010806444FF0000B79E6CCCCCC0C7B
:1080A0002DE9F05F82460078002715468B460AF1DD
:1080B0000104B946302801D09DB113E014F8010B3A
:1080C0000127782803D0582801D045B10AE00DB126
:1080D000102D07D10027102514F8010B02E0082508
:1080E00000E00A250026B0460EE005FB080005FB6F
:1080F00006F1012701EB10461FFA80F8B6F5803F24
:1081000000D3B94614F8010B294600F069F800289D
:10811000EBDABBF1000F05D00FB1641E00E054464E
:10812000CBF80040B9F1000F06D000F0B7F80221FB
:108130000160C81EBDE8F09F48EA0640FAE72DE955
:10814000F04D00231A461B1A8A4103DB002001462A
:10815000BDE8F08DC1F30A52C1F3130141F480155B
:108160004FF0000BD10702D100186D41521E0027BD
:10817000044640F2FF11384601EB620A3E46804653
:10818000024600204FF48011FFF75EFCC2197141D6
:10819000BB1846EB0100B4EB030C75EB000C04D3E9
:1081A000E41A65EB000517460E46241908F1010094
:1081B0006D4180463428E3DDF91946EB0600091BC2
:1081C000A84103D24FF0FF32134601E000221346CC
:1081D0001BEB070046EB0A51BDE8F04DFFF7F9BC79
:1081E0003A2800D2303820F02002412A01D3A2F1EF
:1081F0003700884201D34FF0FF30704770B58C18BC
:1082000010F8015B15F0070301D110F8013B2A11AA
:1082100006D110F8012B03E010F8016B01F8016B97
:108220005B1EF9D12B0705D40023521E0DD401F893
:10823000013BFAE710F8013BCB1A921C03E013F85C
:10824000015B01F8015B521EF9D5A142D8D3002091
:1082500070BD00000FB4054B10B503A9044A029885
:1082600000F068F910BC5DF814FB0000410500083F
:1082700048000020490050EAC12018BF04204A0DE0
:1082800018BF40F0010040F2FF72B2EB515F08BF2F
:1082900040F00200012808BF0520704700487047E1
:1082A000280100202DE9F0414F1E00EBC7010446D4
:1082B000D1E9000115461E4637F006020DD02A46C8
:1082C0003346FFF7FBF97F1E04EBC703D3E9002316
:1082D000FFF74DF937F00602F1D1022F25D0042F18
:1082E00013D0062F18BFBDE8F0812A463346FFF7AA
:1082F000E5F9D4E90A23FFF73AF92A463346FFF7AE
:10830000DDF9D4E90823FFF732F92A463346FFF7AF
:10831000D5F9D4E90623FFF72AF92A463346FFF7B1
:10832000CDF9D4E90423FFF722F92A463346FFF7B3
:10833000C5F9D4E90223FFF71AF92A463346FFF7B5
:10834000BDF9D4E90023BDE8F041FFF710B90122DF
:10835000FFF79CBCFFF70BB90022134610461146ED
:10836000FFF71EBA024A00201107FFF78FBC00007A
:1083700001FDFFFF02E008C8121F08C1002AFAD160
:1083800070477047002001E001C1121F002AFBD195
:108390007047000001490860704700002801002074
:1083A0002DE9FF5F82B00021DDE90430020DDDF828
:1083B00040B0034318D044F61050A2F2FF324243BB
:1083C0001514119801281FD0A5EB0B00401C5FEA83
:1083D000000A4FF000064E4FDFF83891B046504685
:1083E00015D5CAF1000413E0119801244AA301280D
:1083F00001D16FEA0B010298119AC0E90031C0E97E
:10840000024206B0BDE8F09FCBF10000DFE7044672
:108410000021404A491842EB0450CDE9001012E017
:10842000E00707D032463B4640464946FFF746F94B
:108430008046894632463B4610461946FFF73EF9CC
:1084400006460F466410002CEAD1DDE90401DDE99F
:108450000023BAF1000F06DAFFF730F942464B4627
:10846000FFF72CF905E0FFF79BF942464B46FFF773
:1084700097F904460E460022284BFFF743FC03D829
:108480004FF0FF30014607E00022254B20463146E1
:10849000FFF76DF8FFF71DFC102409E0002C0ADB44
:1084A0000A220023FFF790FA039B30321A55641E0C
:1084B00050EA0102F2D1641C039AC4F1110314447E
:1084C000119A012A03D0012208430DD10AE0084382
:1084D00004D000204FF0110B119072E7A3EB0B05B5
:1084E0006D1E0DE05B4504DD4FF0000205F1010556
:1084F00004E003DA4FF00002A5F10105002AECD0F8
:1085000002981199C0E90231C0E9004579E70000FD
:10851000000014400000F03F300000000000F04375
:108520000000E03F30380A2801D2012070470020C7
:10853000704700002DE9FF4F95B09B4689460646DF
:1085400000250FE2252877D100242746F84A01218B
:10855000059400E0044316F8013F203B01FA03F0C4
:108560001042F7D130782A2811D06FF02F033078DD
:10857000A0F13002092A16D8059A44F0020402EB51
:10858000820203EB42021044761C0590EFE759F893
:10859000042B0592002A03DA504244F4005405905B
:1085A00044F00204761C30782E2816D116F8010FFC
:1085B00044F004042A280DD06FF02F023078A0F187
:1085C0003003092B09D807EB870302EB4303C718D5
:1085D000761CF3E759F8047B761C30786C280FD0B2
:1085E00006DC4C2817D068280DD06A2814D104E086
:1085F000742810D07A280FD10DE044F400140AE05A
:1086000044F4801401E044F440147278824202D1B0
:1086100004F58014761C761C307866280BD013DCA9
:10862000582877D009DC002875D04528F6D0462890
:10863000F4D047281AD19DE118E0632835D064288A
:1086400079D0652812D195E1702873D008DC6728AD
:10865000F1D069286FD06E280DD06F2806D1B5E013
:1086600073282CD0752875D0782874D05A4617995D
:1086700090476D1C75E1C4F30250022809D003280D
:108680000DD0D9F8001004280DD00D6009F10409AF
:1086900067E1D9F80010EA17C1E90052F6E7D9F806
:1086A00000100D80F2E70D70F0E719F8041B8DF84B
:1086B000001000208DF80100EA46012003E059F87F
:1086C00004AB4FF0FF3061074FF0000102D40DE022
:1086D00008F101018846B9420FDA8045F8DB1AF843
:1086E00008100029F4D108E008F101018846814210
:1086F000FADB1AF808100029F6D105985B46A0EBC2
:10870000080721463846179A00F094FA284400EBEF
:10871000080507E04DE029E10DE01AF8010B5A4683
:1087200017999047B8F10108F7D25B4621463846C1
:10873000179A13E142E00A220092C4F302524FF06A
:10874000000A022A08D059F804CB032A4FEAEC7138
:108750000AD00DE029E02AE009F1070121F0070223
:10876000F2E802C1914609E00FFA8CFC4FEAEC7185
:10877000042A03D14FFA8CFC4FEAEC71002907DA86
:108780000A460021DCF1000C61EB02012D2202E01F
:10879000220504D52B228DF80420012203E0E207F4
:1087A00001D02022F7E7904659E00A2102E010228A
:1087B0000DE010214FF0000A00910BE010224FF065
:1087C000000A44F004040827009203E008224FF056
:1087D000000A0092C4F30252022A05D059F804CBD1
:1087E0000021032A08D009E009F1070121F007025E
:1087F000F2E802C1914605E01FFA8CFC042A01D17F
:108800000CF0FF0C4FF00008220728D5702806D086
:10881000009B83F0100353EA0A0305D00EE04022C8
:108820008DF80420012208E05CEA010206D0302223
:108830008DF804208DF8050002229046009B83F0FD
:10884000080353EA0A030AD15CEA010201D1620774
:1088500005D530228DF804204FF001087F1E5828DE
:1088600004D034A003900EA802900DE036A0F9E7E2
:1088700053466046009AFFF7A7F884460398825C47
:108880000298401E029002705CEA0100F0D102984A
:1088900006A9081A00F1200A600702D524F48034E2
:1088A00000E00127574502DDA7EB0A0000E00020A9
:1088B00000EB0A01009005984144401A0590E0033E
:1088C00006D45B462146179A059800F0B3F9054493
:1088D000002706E001A85A46C05D179990476D1C15
:1088E0007F1C4745F6DBE0030CD55B462146179A13
:1088F000059800F09FF9054404E030205A46179986
:1089000090476D1C0099481E00900029F5DC08E096
:10891000029802995A460078491C0291179990478B
:108920006D1CBAF10001AAF1010AF1DC65E1000059
:108930000928010030313233343536373839616235
:1089400063646566000000003031323334353637F9
:1089500038394142434445460000000000F058F9D0
:108960000544761C307800287FF4ECAD19B0284619
:10897000BDE8F08F620700D4062709F1070222F054
:10898000070CFCE80223E14603F000485FEA080C0C
:1089900002D00FF2702C0DE05FEA045C02D50FF2FA
:1089A000682C07E05FEAC47C02D00FF2602C01E083
:1089B000AFF2700C4FF0FF3823F00043CDF850C0F9
:1089C00065280CD006DC452809D046281DD047284C
:1089D0003DD13DE0662818D067287ED138E00021DF
:1089E000112F01DB112000E0781CCDE9000106A960
:1089F0000EA8FFF7D5FCDDE90F010E9A03910021C7
:108A0000009207F1010A04914DE04FF000400097F9
:108A1000CDE9011006A90EA8FFF7C2FCDDE90F029F
:108A200003920E9B11990022DDF80CA00093049292
:108A300011B9791C00EB010AB7EB0A0004D4C0F1AC
:108A4000FF3007F1010A0490AAEB0700019044E00F
:108A5000012F00DA01270021112F01DD112000E094
:108A60003846CDE9000106A90EA8FFF799FCDDE91B
:108A70000F010E9A0391002104910092BA4621073A
:108A80000CD40399514500DA8A46BAF1010F05DD8D
:108A9000009AAAF10101515C302908D0B84202DAEB
:108AA00010F1040F06DA0121CDE9011015E0AAF159
:108AB0000101E9E7002805DC049901440491AAEBCF
:108AC000000102E0411C514500DD8A460499401A2C
:108AD000401C01904FF000400290200704D4019800
:108AE000504501DBCDF8048000208DF84F0002983E
:108AF0000DF14F07B0F1004F25D02B200E900298BA
:108B00004FF0020800280CDA404202902D200E900F
:108B100007E00A210298FEF741FF3031029007F882
:108B2000011DB8F10001A8F10108F2DC029800284B
:108B3000EFD1791E0E980870307800F0200040F0D8
:108B4000450007F8020D12A8C01B00F10708149891
:108B5000007800B1012000EB0A01019801EBE071FF
:108B600005984144401A401E0590E00306D45B4638
:108B70002146179A059800F05DF80544149800788E
:108B800018B15A46179990476D1CE00324D55B46EF
:108B90002146179A059800F04DF805441CE004980A
:108BA000002807DBDDE90301884203DD0098405C13
:108BB000179901E0179930205A469047049805F11B
:108BC0000105401C04900198401E019004D12E2004
:108BD0005A46179990476D1CBAF10001AAF1010A93
:108BE000DDDC05E017F8010B5A46179990476D1C1C
:108BF000B8F10001A8F10108F4DC5B462146179AA0
:108C00000598ABE62D0000002B00000020000000BE
:108C10002DE9F041044600251E461746880404D479
:108C200005E039462020B0476D1C641EF9D5284662
:108C3000BDE8F0812DE9F041044600251E4690462E
:108C4000C80301D5302700E02027880404D505E0BB
:108C500041463846B0476D1C641EF9D52846BDE82C
:108C6000F08100002DE9F04D8D4F21F0004A86B0D3
:108C700005460C46BA452ADBAAEB070028430AD072
:108C80008848824501DC1AD1CDB106B02846BDE83E
:108C9000F04DFFF75CBB844A844B2846FEF70EFD7F
:108CA00007460E46824A834B28462146FEF706FDBC
:108CB00006B03A463346BDE8F04DFEF758BC0120F9
:108CC000FFF768FB06B0BDE8F04DFFF745BB7A48FB
:108CD000824542DABAF1795F0BDA2846FFF7CAFA21
:108CE000042808BFFFF73EFB284606B02146BDE832
:108CF000F08D2A460B461046FEF7E0FC83460246FE
:108D00006E480E460B4606217844FFF7CBFA5A46CA
:108D10003346FEF7D3FC804669488A465A463346B6
:108D200004217844FFF7BEFA5A463346FEF7C6FCE4
:108D300000223B46FEF71BFC02460B4640465146CE
:108D4000FEF72EFD2A462346FEF7B8FC06B02A465B
:108D50002346BDE8F04DFEF70ABC284624F000414A
:108D600000223D463B46FEF7A6FC4FF0FF32FEF7E1
:108D70008DFF0646024653480F460B4606217844AF
:108D8000FFF790FA32463B46FEF798FCCDE900012A
:108D90004D4832463B4604217844FFF783FA324679
:108DA0003B46FEF78BFC00222B46FEF7E0FB83469A
:108DB00002913046394600F05DFA804643480D4640
:108DC000504517DCDDE900015A46029BFEF7E8FC3E
:108DD00042462B46FEF772FC42462B46FEF7C7FB87
:108DE0000122FEF753FF304A304BFEF761FC304A58
:108DF000304B4CE04FF0000A52460B464046FEF71F
:108E0000B6FBCDE9031052462B4610461946FEF735
:108E100055FC32463B46FEF74EFCDDE90332FEF7D9
:108E2000BFFC06460F46DDE900015A46029BFEF7ED
:108E3000B7FC83460091012230463946FEF726FFF3
:108E4000194A1A4BFEF737FC06460F4601224046E8
:108E50002946FEF71BFF5A46009BFEF72FFC3246C1
:108E60003B46FEF725FC06460F46012250462946A2
:108E7000FEF70CFF0E4DDFF858802A464346FEF7FA
:108E80001AFC32463B46FEF716FC2A464346FEF7DE
:108E900012FC002CD8BF81F0004106B0BDE8F08D77
:108EA0000000F03F0000F07F075C143326A6913CE1
:108EB000182D4454FB21F93F0000E03F1C12000034
:108EC00032120000A6110000BC1100003333EF3F46
:108ED000FB21E93F2DE9F84F04460D4621F0004003
:108EE00000917349814211DC7249884201DC06D14C
:108EF0002CB120462946BDE8F84FFFF728BA6E4846
:108F0000002DCCBF6D496E49BDE8F88F6D49814297
:108F100011DD6D498142D8BF4FF0FF366DDD20462F
:108F20002946FFF7A7F9042808BFFFF71BFA2046D8
:108F30002946BDE8F88F6549654F25F00045814217
:108F400033DD6449814219DD002632464FF080430B
:108F500020462946FEF70BFB80468A460122204622
:108F60002946FEF793FE00223B46FEF7A1FB424650
:108F70005346FEF715FC04460D463EE0012600224E
:108F8000BA463B4620462946FEF7F1FA80460F4690
:108F90000022534620462946FEF78AFB42463B46BE
:108FA000FEF7FEFB04460D4627E04B4981421BDDE0
:108FB000DFF828A102260022534620462946FEF764
:108FC0007DFB00223B46FEF7D2FA80460F46002288
:108FD000534620462946FEF76BFB42463B46FEF7CA
:108FE000DFFB04460D4608E0032622462B46002000
:108FF0003B49FEF7D5FB04460D4622462B4610465C
:109000001946FEF75BFB8B46824602460B46FEF78F
:1090100055FB07460246334888460B4606217844EE
:10902000FFF740F952465B46FEF748FB82462E4862
:109030008B463A46434605217844FFF733F93A46D2
:109040004346FEF73BFB02460B46002E5046594670
:109050000CDAFEF78CFA22462B46FEF72FFB01B006
:1090600022462B46BDE8F04FFEF725BBFEF77FFA00
:1090700022462B46FEF722FB1C4A7A4402EBC6032B
:10908000D3E90023FEF714FB22462B46FEF710FB24
:10909000174A7A4402EBC603D3E90023FEF70BFB21
:1090A000009A002AB8BF81F00041BDE8F88F0000A7
:1090B000000010440000F07F182D4454FB21F93FBC
:1090C000FB21F9BF0000DC3F0000203E0000F33F21
:1090D0000000F03F0000E63F008003400000F83F42
:1090E0000000F0BFBE0F00007C0F00001A0F000050
:1090F000E20E00002DE9F04D9446CCF1000423F07F
:1091000000464CEA0404524F46EAD4749A46884614
:1091100021F00042BC4206D8454240EA050442EA3A
:10912000D474BC4204D9BDE8F04D6246FFF712B9D1
:10913000AAF14055A5F17F6555EA0C040BD0022435
:1091400004EAAA74434DDFF810E144EAD87452EA05
:10915000000B04D00CE0BDE8F04DFFF7BBBE002CC7
:1091600014BF012CBDE8F08D022C30D0032C32D07E
:1091700056EA0C0B0AD0BE4220D1BA4209D126F0E1
:10918000804622F080423346114617E000291ADB60
:1091900025E0DFF8C8B0FB44002C04BFDBE9000188
:1091A000BDE8F08D012C02BFDBE9000181F0004138
:1091B000BDE8F08D022C0AD0032C0CD0BA4212D19B
:1091C000B8F1000F0BDA23482549BDE8F08D284699
:1091D0002449BDE8F08D28467146BDE8F08D1D4854
:1091E0002149BDE8F08D921B12153C2AC4BF1948D5
:1091F0001D490EDCBAF1000FBEBF12F13C0F00207A
:10920000014606DB6246FEF7CBFA21F00041FFF78C
:1092100061FE002C08BFBDE8F08D012C04BF81F079
:109220000041BDE8F08D114A114B022C07D0FEF72A
:109230003FFA2A46BDE8F04D0A4BFEF739BAFEF771
:1092400037FA2A46BDE8F04D064BFEF734BA000067
:109250000000F07F182D4454FB2109C0760E000059
:10926000FB21F9BFFB210940FB21F93F075C1433C7
:1092700026A6A13C2DE9F04106460F46FEF75FFF0A
:10928000041E0D4618BF0120284320F00040C0F105
:109290007F6000F1E040C00F0ED0301C18BF0120ED
:1092A000384320F00040C0F17F6000F1E040C00F83
:1092B00004BF0120FFF76EF820462946BDE8F08183
:1092C00075191A0C6A231B1C1F207274433B41380A
:1092D000393A6B6C376F06246D6E700068000004BD
:1092E00076005401F7FD0001830000000008000033
:1092F0000001001832000500000020410000D242A9
:10930000295C0F3E9A99993E3333733F295C0F3E97
:1093100000007000000000240000000200030000B4
:1093200000650054FFEF0000FA80000B128200017C
:10933000030C30C30E8C8CE914D5400213710F8ED0
:109340003883F8833000F883258EF8833000F88363
:10935000FFFFFFFF0FFEA9D6240004001A8279A1A7
:109360000000003CFFFF00000010000038836FA2E7
:10937000003E03304000000002CAE3093E800000C6
:10938000200000000000000040000000600000001D
:10939000000C0000000C186E000006920A16C0DFD8
:1093A000FFFF0256FD8CD377FFE1C496E0C5BEAA4D
:1093B00000000000FFFF0B2B0000165700000359B0
:1093C0004000000000001DFA00026C1D00000000BB
:1093D0003FFFDFEB003EB3B6000D227800002F3CCC
:1093E00000000000001942B5000039A20000B3657A
:1093F000D90E9FC91DCF4C34300000005000000032
:109400003BB67AE80064000000C8000000000000DD
:10941000100000001000FA921000225E000D229F42
:109420000001000000320000FF46000063D400008D
:109430001000000004D6000004CC000004CC0000A2
:10944000000010720000004000000000000000005A
:109450000006000200050007000000000064000094
:10946000000000000000000500050064002000006E
:1094700000000000000000000000400000000300A9
:1094800000000032F8980000FF650000830F000024
:10949000FF9BFC0000000000000000000000000036
:1094A00000000000000000000000000000000000BC
:1094B000000000000000000000000000000010009C
:1094C00040000000000000060000B26A0002000038
:1094D0000001FB830068000000D9FC007CF1FF83E1
:1094E0000000000000650000006403E8006400283C
:1094F000000000250000000016A000000000100081
:1095000000001000002F0000000001F40000100017
:1095100000280000FFFF4581FFFFFA7200000000F5
:1095200000000000004400050005BAC6004778A20C
:109530000000000100000000000006000000001410
:109540000000254D002F706D000005AE000C02D00C
:10955000000000000000000000000000000000000B
:10956000001B0000000000000000000000000000E0
:10957000006400000008000000000000000000007F
:1095800000000000000000000000000000000000DB
:1095900000000000000000000000000000000000CB
:1095A00000000000000000000000000000000000BB
:1095B00000000000000000000000000000000000AB
:1095C000000000000000000000000000000000009B
:1095D000001B00000000000000000000000E000E54
:1095E00000000AC70004000000000032FFFFFF9CDB
:1095F00000000B2B000000020000000100000064CE
:10960000FFE5000000000000000000000000000076
:109610000000000100000000000100000000000048
:10962000000180000001800000018000002426D39A
:109630000000000000000000000600100096003C42
:10964000000000000000000000000000000000001A
:109650000C0A4E68CDCF770950166759C619CE82CD
:1096600000000000000000000000000000000000FA
:10967000000000000000000017D784000300000075
:109680000000000000000000C7938F9D1E1B1C19E6
:1096900000000000000000000000000000000000CA
:1096A00000000000000000000203188500004000D8
:1096B00000000003000000030000000000000000A4
:1096C000400000000000000000000000000000005A
:1096D000000000000000000000000000000000008A
:1096E000000000000000000000000000000000007A
:1096F00000000000677DDF7E72902E554CF6E688F4
:109700000000000000000000000000000000000059
:10971000D8DCB4B8B0D8B9ABF3F8FAB3B7BB8E9E07
:10972000AEF132F51BF1B4B8B08097F1A9DFDFDFFD
:10973000AADFDFDFF2AAC5CDC7A90CC92C97F1A912
:1097400089264666B28999A92D557DB0B08AA8961A
:10975000365676F1BAA3B4B280C0B8A89711B283D6
:1097600098BAA3F0240844106418B2B9B49883F1ED
:10977000A329557DBAB5B1A38393F0002850F5B263
:10978000B6AA839328547CF1B9A3829361BAA2DA72
:10979000DEDFDB819AB9AEF5606870F1DABAA2DF7C
:1097A000D9BAA2FAB9A38292DB31BAA2D9BAA2F885
:1097B000DF85A4D0C1BBAD83C2C5C7B8A2DFDFDFE0
:1097C000BAA0DFDFDFD8D8F1B8AAB38DB4980D35D1
:1097D0005DB2B6BAAF8C96198F9FA70E161EB49ABB
:1097E000B8AA872C547CBAA4B08AB691325676B205
:1097F0008494A4C808CDD8B8B4B0F19982A82D55E6
:109800007D98A80E161EA22C547C92A4F02C5078A1
:10981000F184A898C4CDFCD80DDBA8FC2DF3D9BAEF
:10982000A6F8DABAA6DED8BAB2B68696A6D0F3C83B
:1098300041DAA6C8F8D8B0B4B882A892F52C5488FA
:1098400098F135D9F418D8F1A2D0F8F9A884D9C77D
:10985000DFF8F883C5DADF69DF83C1D8F40114F1DA
:10986000A8824EA884F311D182F5D992289788F165
:1098700009F41C1CD884A8F3C0F9D1D99782F12926
:10988000F40DD8F3F9F9D1D982F4C203D8DEDF1A86
:10989000D8F1A2FAF9A88498D9C7DFF8F8F883C7F5
:1098A000DADF69DFF883C3D8F40114F198A8822EB7
:1098B000A884F311D182F5D992509788F109F41C4C
:1098C000D884A8F3C0F8F9D1D99782F149F40DD81A
:1098D000F3F9F9D1D982F4C403D8DEDFD8F1AD8829
:1098E00098CCA809F9D98292A8F57CF1883ACF944E
:1098F0004A6E98DB6931DAADF2DEF9D88795A8F2C5
:1099000021D1DAA5F9F417D9F1AE8ED0C0C3AE8259
:10991000C684C3A88595C8A588F2C0F1F4010EF1EC
:109920008E9EA8C63E56F554F18872F40115F19842
:1099300045856EF58E9E0488F142985A8E9E068863
:1099400069F4011CF1981E1108D0F504F11E97026C
:1099500002983625DBF9D985A5F3C1DA85A5F3DFB1
:10996000D88595A8F309DAA5FAD88292A8F578F1F6
:10997000881A849F26889821DAF41DF3D8879F39A6
:10998000D1AFD9DFDFFBF9F40CF3D8FAD0F8DAF96C
:10999000F9D0DFD9F9D8F40BD8F3879F39D1AFD9F3
:1099A000DFDFF41DF3D8FAFCA869F9F9AFD0DADEED
:1099B000FAD9F88F9FA8F1CCF398DB45D9AFDFD067
:1099C000F8D8F18F9FA8CAF38809DAAF8FCBF8D8FF
:1099D000F2AD978D0CD9A5DFF9BAA6F3FAF412F21D
:1099E000D8950DD1D9BAA6F3FADAA5F2C1BAA6F381
:1099F000DFD8F1BAB2B68696A6D0CAF349DAA6CBBA
:109A0000F8D8B0B4B8D8AD84F2C0DFF18FCBC3A81A
:109A1000B2B68696C8C1CBC3F3B0B48898A821DB90
:109A2000718D9D71859521D9ADF2FAD88597A828B9
:109A3000D9F408D8F28D29DAF405D9F285A4C2F256
:109A4000D8A88D9401D1D9F411F2D88721D8F40A7D
:109A5000D8F28498A8C801D1D9F411D8F3A4C8BB0E
:109A6000AFD0F2DEF8F8F8F8F8F8F8F8D8F1B8F670
:109A7000B5B9B08A95A3DE3CA3D9F8D85CA3D9F8D0
:109A8000D87CA3D9F8D8F8F9D1A5D9DFDAFAD8B1BA
:109A90008530F7D9DED8F830ADDADED8F2B48C995B
:109AA000A32D557DA083DFDFDFB591A0F629D9FB7B
:109AB000D8A0FC29D9FAD8A0D051D9F8D8FC51D9CE
:109AC000F9D879D9FBD8A0D0FC79D9FAD8A1F9F97D
:109AD000F9F9F9A0DADFDFDFD8A1F8F8F8F8F8AC87
:109AE000DEF8ADDE8393AC2C547CF1A8DFDFDFF62B
:109AF0009D2CDAA0DFD9FADB2DF8D8A850DAA0D057
:109B0000DED9D0F8F8F8DB55F8D8A878DAA0D0DF9D
:109B1000D9D0FAF8F8F8F8DB7DF8D89CA88CF530A5
:109B2000DB38D9D0DEDFA0D0DEDFD8A848DB58D9BB
:109B3000DFD0DEA0DFD0DED8A868DB70D9DFDFA001
:109B4000DFDFD8F1A888902C547C98A8D05C38D15D
:109B5000DAF2AE8CDFF9D8B087A8C1C1B188A8C647
:109B6000F9F9DA36D8A8F9DA36D8A8F9DA36D8A861
:109B7000F9DA36D8A8F9DA36D8F78D9DADF818DAC3
:109B8000F2AEDFD8F7ADFA30D9A4DEF9D8F2AEDE06
:109B9000FAF983A7D9C3C5C7F1889BA77AADF7DEC9
:109BA000DFA4F8849408A797F300AEF29819A4886C
:109BB000C6A39488F632DFF28393DB09D9F2AADFD9
:109BC000D8D8AEF8F9D1DAF3A4DEA7F1889B7AD819
:109BD000F38494AE19F9DAAAF1DFD8A881C0C3C51D
:109BE000C7A39283F628ADDED9F8D8A350ADD9F833
:109BF000D8A378ADD9F8D8F8F9D1A1DADEC3C5C7B2
:109C0000D8A18194F818F2B089ACC3C5C7F1D8B80F
:109C1000B4B09786A8319B069907AB9728889BF02C
:109C20000C201440B0B4B8F0A88A9A285078B79B9A
:109C3000A8295179247059446938644831F1BBAB83
:109C400088002C547CF0B38BB8A804285078F1B06D
:109C500088B49726A85998BBABB38B02264666B04A
:109C6000B8F08A9CA82951798B2951798A24705996
:109C70008B2058718A4469388B3940688A6448312E
:109C80008B30496088F1AC002C547CF08CA80428FF
:109C90005078F1889726A85998AC8C02264666F031
:109CA000899CA8295179247059446938644831A99C
:109CB0008809205970AB11384069A8193148608C67
:109CC000A83C415C207C00F187981986A86E767EBE
:109CD000A999882D557DD8B1B5B9A3DFDFDFAED006
:109CE000DFAAD0DEF2ABF8F9D9B087C4AAF1DFDF82
:109CF000BBAFDFDFB9D8B1F1A3978E60DFB084F2DC
:109D0000C8F8F9D9DED89385F14AB183A308B583A1
:109D10009A0810B79F10D8F1B0BAAEB08AC2B2B6E6
:109D20008E9EF1FBD9F41DD8F9D90CF1D8F8F8AD15
:109D300061D9AEFBD8F40CF1D8F8F8AD19D9AEFB67
:109D4000DFD8F416F1D8F8AD8D61D9F4F4ACF59CF8
:109D50009C8DDF2BBAB6AEFAF8F40BD8F1AED0F882
:109D6000AD51DAAEFAF8F1D8B9B1B6A3839C08B90F
:109D7000B1839AB5AAC0FD3083B79F10B58B93F21B
:109D80000202D1ABDADED8F1B080BAABC0C3B28484
:109D9000C1C3D8B1B9F38BA391B609B4D9ABDEB0C6
:109DA000879CB9A3DDF1B38B8B8B8B8BB087A3A37F
:109DB000A3A3B28BB69BF2A3A3A3A3A3A3A3A3A322
:109DC000A3F1B087B59AA3F39BA3A3DCBAACDFB928
:109DD000A3A3A3A3A3A3A3A3A3A3A3A3A3A3A3A353
:109DE000D8D8D8BBB3B7F1AAF9DAFFD9809AAA2894
:109DF000B48098A720B79787A86688F07951F1902A
:109E00002C870CA781976293F0717160859401296A
:109E1000517990A5F1284C6C870C95188578A3830F
:109E200090284C6C886CD8F3A28200F210A892198A
:109E300080A2F2D926D8F188A84DD948D896A83959
:109E400080D93CD89580A839A68698D92CDA87A7DE
:109E50002CD8A8899519A980D938D8A88939A9807A
:109E6000DA3CD8A82EA83990D90CD8A8953198D921
:109E70000CD8A809D9FFD801DAFFD89539A9DA2674
:109E8000FFD890A80D8999A810809821DA2ED8893A
:109E900099A83180DA2ED8A886963180DA2ED8A8F3
:109EA000873180DA2ED8A88292F34180F1D92ED85A
:109EB000A882F31980F1D92ED882ACF3C0A28022F7
:109EC000F1A62EA72EA92298A829DAACDEFFD8A2E7
:109ED000F22AF1A92E8292A8F23180A696F1D90039
:109EE000AC8C9C0C30ACDED0DEFFD88C9CACD0109F
:109EF000ACDE8092A2F24C82A8F1CAF235F19688CB
:109F0000A6D900D8F1FF0000DDFFFFFFE7FFFFFF4C
:109F1000F1FFFFFFFBFFFFFF050000000F00000047
:109F20001900000023000000555555555555C53FF3
:109F30007D6FEB0312D6D4BF5544880E55C1C93F7F
:109F40003B8F68B52882A4BF88B20175E0EF493F16
:109F500009F7FD0DE13D023F4B2D8A1C273A03C056
:109F6000C88A599CE52A004059018D1B6C06E6BF42
:109F700082922EB1C5B8B33F4FBB610567ACDD3FE0
:109F8000182D4454FB21E93F9BF681D20B73EF3F20
:109F9000182D4454FB21F93FE2652F227F2B7A3C98
:109FA000075C143326A6813CBDCBF07A8807703C51
:109FB000075C143326A6913CC4EB98999999C9BFC4
:109FC000711623FEC671BCBF6D9A74AFF2B0B3BFF9
:109FD0009AFDDE522DDEADBF2F6C6A2C44B4A2BFB9
:109FE0000D5555555555D53FFF8300922449C23F25
:109FF0006E204CC5CD45B73F513DD0A0660DB13F59
:10A00000EB0D76244B7BA93F11DA22E33AAD903F6A
:10A010000000000000000000004040404040404080
:10A02000404041414141414040404040404040402B
:10A0300040404040404040404005020202020202CF
:10A04000020202020202020202202020202020201E
:10A050002020200202020202020290909090909032
:10A0600010101010101010101010101010101010F0
:10A070001010101002020202020288888888888864
:10A080000808080808080808080808080808080850
:10A0900008080808020202024000000019A0000897
:10A0A00050697463683D252E326620526F6C6C3D9A
:10A0B000252E3266205961773D252E32660A566973
:10A0C00073696F6E4572726F723D256420456E63D1
:10A0D0006F6465724C6566743D256420456E636FE0
:10A0E00064657252696768743D25642053706565C4
:10A0F00064446973706C61793D252E32660D0A00E7
:10A1000050494420566572746963616C5F4B703DC1
:10A11000252E346620566572746963616C5F4B64EA
:10A120003D252E34662056656C6F636974795F4BEC
:10A13000703D252E34662056656C6F636974795FB7
:10A140004B693D252E3666205475726E5F4B703D0F
:10A15000252E3466205475726E5F4B643D252E3477
:10A160006620547261636B696E675F4B703D252E8C
:10A17000346620547261636B696E675F4B693D257D
:10A180002E346620547261636B696E675F4B643D69
:10A19000252E34660D0A000050726F6475637420BA
:10A1A00049442072656164206173203020696E64C7
:10A1B000696361746573206465766963652069739A
:10A1C0002065697468657220696E636F6D70617473
:10A1D00069626C65206F7220616E204D505533307E
:10A1E00035302E0A0000000008A200080000002000
:10A1F0002C010000FC81000860A200082C01002056
:10A20000BC05000084830008012023201C95E0E3A6
:10A21000FFFF84A24A04C0090102030406070809DB
:10A2200013C0921B08DC0401201AE8242A014459B7
:10A230000431A23F1812FAC38FC2F5BFAE47E1BE88
:10A24000E02D10BB9A99191C0329A041F24E6A0215
:10A25000630328164429DC69E03C020406D00000B0
:04000005080000ED02
:00000001FF
